chrom	start	end	exon_chr	exon_start	exon_end	exon_gene	overlap_type	n_tissues	mean_pext	sd_pext	min_pext	max_pext	median_pext	iqr_pext	n_flagged	flagged_tissues	top3_tissues_by_z	top3_z	pext_tissue	tissue_z	tissue_flagged	tissues_matched
chr1	6485323	6485443	chr1	6485323	6485469	PLEKHG5	perfect	50	0.1365336	0.10781596926054987	0	0.50196	0.11501	0.1367875	1	Muscle_Skeletal	Muscle_Skeletal,Lung,Adipose_Subcutaneous	3.389,2.32,1.513	0.50196	3.38935319606416	TRUE	Muscle_Skeletal
chr1	10107221	10107374	chr1	10107221	10107374	UBE4B	perfect	50	0.024843800000000006	0.0901077737453708	0	0.55114	0.001605	0.0082475	1	Muscle_Skeletal	Muscle_Skeletal,Heart_LeftVentricle,Heart_AtrialAppendage	5.841,2.608,2.334	0.55114	5.840741349211704	TRUE	Muscle_Skeletal
chr1	10642081	10642322	chr1	10642081	10642322	CASZ1	perfect	50	0.018275999999999997	0.04207291479305509	0	0.25885	0.004255	0.015975	1	Muscle_Skeletal	Muscle_Skeletal,Heart_LeftVentricle,Heart_AtrialAppendage	5.718,2.387,2.186	0.25885	5.71802550841358	TRUE	Muscle_Skeletal
chr1	28623945	28624017	chr1	28623941	28624126	TAF12	perfect	50	0.009203000000000001	0.04773316530891453	0	0.32277	0	0	1	Muscle_Skeletal	Muscle_Skeletal,Heart_LeftVentricle,Heart_AtrialAppendage	6.569,1.951,0.542	0.32277	6.569164185335075	TRUE	Muscle_Skeletal
chr1	40544396	40544415	chr1	40544396	40545037	ZNF684	perfect	50	0.11100120000000001	0.08922673408839768	0	0.43972	0.08997	0.0480675	3	Heart_AtrialAppendage,Heart_LeftVentricle,Muscle_Skeletal	Muscle_Skeletal,Heart_AtrialAppendage,Heart_LeftVentricle	3.684,3.343,3.103	0.43972	3.684084185736704	TRUE	Muscle_Skeletal
chr1	40544415	40544456	chr1	40544396	40545037	ZNF684	perfect	50	0.1122128	0.09330141106267212	0	0.43972	0.08997	0.0480675	3	Heart_AtrialAppendage,Heart_LeftVentricle,Muscle_Skeletal	Muscle_Skeletal,Heart_AtrialAppendage,Heart_LeftVentricle	3.51,3.455,3.333	0.43972	3.510206290235074	TRUE	Muscle_Skeletal
chr1	40544456	40544515	chr1	40544396	40545037	ZNF684	perfect	50	0.11100120000000001	0.08922673408839768	0	0.43972	0.08997	0.0480675	3	Heart_AtrialAppendage,Heart_LeftVentricle,Muscle_Skeletal	Muscle_Skeletal,Heart_AtrialAppendage,Heart_LeftVentricle	3.684,3.343,3.103	0.43972	3.684084185736704	TRUE	Muscle_Skeletal
chr1	41159724	41159730	chr1	41159724	41159933	SCMH1	perfect	50	0.0860294	0.042283711989756216	0	0.27887	0.07391	0.03949500000000001	1	Muscle_Skeletal	Muscle_Skeletal,Brain_CerebellarHemisphere,Brain_Cerebellum	4.561,2.22,1.995	0.27887	4.560635547955632	TRUE	Muscle_Skeletal
chr1	51740142	51740211	chr1	51740142	51740211	OSBPL9	perfect	50	0.0790932	0.07632293611560106	0	0.48722	0.06972	0.05847499999999999	1	Muscle_Skeletal	Muscle_Skeletal,Brain_CerebellarHemisphere,Brain_Cerebellum	5.347,1.752,1.66	0.48722	5.347367656058706	TRUE	Muscle_Skeletal
chr1	51836368	51836438	chr1	51836343	51836483	MIR761,NRDC	perfect	50	0.0238054	0.023142248335025702	0.00917	0.1352	0.018935	0.0055600000000000024	2	Muscle_Skeletal,Testis	Muscle_Skeletal,Testis,Cells_EBV_transformedlymphocytes	4.813,4.446,1.103	0.1352	4.813473539275987	TRUE	Muscle_Skeletal
chr1	51837486	51837620	chr1	51837455	51837620	NRDC	perfect	50	0.0238054	0.023142248335025702	0.00917	0.1352	0.018935	0.0055600000000000024	2	Muscle_Skeletal,Testis	Muscle_Skeletal,Testis,Cells_EBV_transformedlymphocytes	4.813,4.446,1.103	0.1352	4.813473539275987	TRUE	Muscle_Skeletal
chr1	62100318	62100408	chr1	62100318	62100408	PATJ	perfect	50	0.0190566	0.02264111905091157	0	0.12749	0.01705	0.0205125	2	Muscle_Skeletal,Testis	Muscle_Skeletal,Testis,Heart_AtrialAppendage	4.789,3.504,1.081	0.12749	4.789224408748218	TRUE	Muscle_Skeletal
chr1	77745420	77745462	chr1	77745420	77745638	USP33	perfect	50	0.2260052	0.049001545300081294	0.13211	0.3993	0.218045	0.04023750000000001	1	Muscle_Skeletal	Muscle_Skeletal,Cells_Culturedfibroblasts,Cells_EBV_transformedlymphocytes	3.537,2.866,2.629	0.3993	3.5365170412230347	TRUE	Muscle_Skeletal
chr1	93613846	93613930	chr1	93613846	93614097	BCAR3	perfect	50	0.11559180000000001	0.10917606190283767	0	0.54592	0.080735	0.08638000000000001	1	Muscle_Skeletal	Muscle_Skeletal,Artery_Tibial,Liver	3.942,2.965,1.807	0.54592	3.941598483218554	TRUE	Muscle_Skeletal
chr1	94472172	94472242	chr1	94472172	94472242	ABCD3	perfect	50	0.014260999999999996	0.06272569360122772	0	0.37058	0	0	2	Heart_LeftVentricle,Muscle_Skeletal	Muscle_Skeletal,Heart_LeftVentricle,Heart_AtrialAppendage	5.681,3.448,1.553	0.37058	5.680590831968511	TRUE	Muscle_Skeletal
chr1	111764401	111764409	chr1	111764401	111764450	DDX20	perfect	50	0.0210374	0.03696112131714089	0	0.13389	0	0.02877	2	Muscle_Skeletal,Testis	Muscle_Skeletal,Testis,Artery_Tibial	3.053,3.036,2.589	0.13389	3.053278579718416	TRUE	Muscle_Skeletal
chr1	114741526	114741664	chr1	114741526	114741701	CSDE1	perfect	50	0.025041	0.07517127043611539	0	0.47252	0.003365	0.013989999999999999	1	Muscle_Skeletal	Muscle_Skeletal,Heart_LeftVentricle,Heart_AtrialAppendage	5.953,2.486,2.009	0.47252	5.952792834335451	TRUE	Muscle_Skeletal
chr1	151133959	151134055	chr1	151133959	151134055	SEMA6C	perfect	50	0.0353746	0.05002523874067193	0	0.36476	0.027155	0.0158	1	Muscle_Skeletal	Muscle_Skeletal,Brain_CerebellarHemisphere,Brain_Cerebellum	6.584,0.742,0.661	0.36476	6.584384368608727	TRUE	Muscle_Skeletal
chr1	154263102	154263149	chr1	154263102	154263505	UBAP2L	perfect	50	0.2211744	0.035349706644281144	0.15415	0.33554	0.21951500000000002	0.032275000000000026	1	Muscle_Skeletal	Muscle_Skeletal,Cells_Culturedfibroblasts,Cells_EBV_transformedlymphocytes	3.235,2.343,2.29	0.33554	3.235263057508343	TRUE	Muscle_Skeletal
chr1	160284130	160284140	chr1	160284130	160284231	PEX19	perfect	50	0.04682	0.056281547525247874	0	0.22848	0.031195	0.0741925	1	Muscle_Skeletal	Muscle_Skeletal,Brain_CerebellarHemisphere,Brain_Cerebellum	3.228,2.88,2.764	0.22848	3.2277008715602107	TRUE	Muscle_Skeletal
chr1	180073818	180073908	chr1	180073785	180073908	CEP350	perfect	50	0.012110000000000001	0.030994402391267946	0	0.15662	0	0	2	Cells_EBV_transformedlymphocytes,Muscle_Skeletal	Muscle_Skeletal,Cells_EBV_transformedlymphocytes,Cells_Culturedfibroblasts	4.662,3.329,1.917	0.15662	4.6624547934730565	TRUE	Muscle_Skeletal
chr1	184095030	184095067	chr1	184093624	184095617	TSEN15	perfect	50	0.0627728	0.04956736644698602	0	0.25451	0.045795	0.0582175	1	Muscle_Skeletal	Muscle_Skeletal,Brain_FrontalCortex_BA9,Liver	3.868,1.834,1.625	0.25451	3.868214386678571	TRUE	Muscle_Skeletal
chr1	225504990	225505053	chr1	225504990	225505053	ENAH	perfect	50	0.006124200000000002	0.025630226184037045	0	0.13179	0	0	2	Muscle_Skeletal,Pancreas	Muscle_Skeletal,Pancreas,MinorSalivaryGland	4.903,4.226,2.101	0.13179	4.90303125293006	TRUE	Muscle_Skeletal
chr1	227059372	227059389	chr1	227059212	227059411	CDC42BPA	perfect	50	0.0853264	0.028035030256259537	0	0.18424	0.082535	0.017424999999999982	1	Muscle_Skeletal	Muscle_Skeletal,Cells_EBV_transformedlymphocytes,Cells_Culturedfibroblasts	3.528,2.901,1.772	0.18424	3.5282144907946016	TRUE	Muscle_Skeletal
chr1	227059389	227059411	chr1	227059212	227059411	CDC42BPA	perfect	50	0.0852742	0.027998268903484672	0	0.18424	0.082535	0.017424999999999982	1	Muscle_Skeletal	Muscle_Skeletal,Cells_EBV_transformedlymphocytes,Cells_Culturedfibroblasts	3.535,2.907,1.776	0.18424	3.534711390234654	TRUE	Muscle_Skeletal
chr1	243293398	243293494	chr1	243293398	243293494	SDCCAG8	perfect	50	0.0827686	0.025784584384425338	0.02647	0.17237	0.08445	0.0378525	1	Muscle_Skeletal	Muscle_Skeletal,Pancreas,Thyroid	3.475,1.586,1.415	0.17237	3.4749988079746568	TRUE	Muscle_Skeletal
chr10	311536	311566	chr10	311536	311566	DIP2C	perfect	50	0.0237682	0.020006693338143876	0	0.1283	0.02044	0.013697499999999998	1	Muscle_Skeletal	Muscle_Skeletal,Cells_Culturedfibroblasts,Artery_Tibial	5.225,2.956,1.449	0.1283	5.2248414184818985	TRUE	Muscle_Skeletal
chr10	484780	484948	chr10	484780	484948	DIP2C	perfect	50	0.0237682	0.020006693338143876	0	0.1283	0.02044	0.013697499999999998	1	Muscle_Skeletal	Muscle_Skeletal,Cells_Culturedfibroblasts,Artery_Tibial	5.225,2.956,1.449	0.1283	5.2248414184818985	TRUE	Muscle_Skeletal
chr10	870012	873144	chr10	870008	873205	LARP4B	perfect	50	0.009982200000000002	0.03668967904087536	0	0.18508	0.00116	8.274999999999999e-4	2	Heart_LeftVentricle,Muscle_Skeletal	Muscle_Skeletal,Heart_LeftVentricle,Heart_AtrialAppendage	4.772,4.469,1.889	0.18508	4.7723993389238	TRUE	Muscle_Skeletal
chr10	6228195	6228218	chr10	6228195	6228295	PFKFB3	perfect	50	0.037433	0.0875854690503825	0	0.60802	0.015875	0.011497499999999999	1	Muscle_Skeletal	Muscle_Skeletal,Brain_CerebellarHemisphere,Brain_FrontalCortex_BA9	6.515,1.121,0.867	0.60802	6.514630864987165	TRUE	Muscle_Skeletal
chr10	13591867	13591888	chr10	13591459	13592323	PRPF18,RPL6P24	perfect	50	0.0636722	0.04704080418452187	0.01981	0.28529	0.048505	0.022452500000000007	1	Muscle_Skeletal	Muscle_Skeletal,Brain_CerebellarHemisphere,Brain_Cerebellum	4.711,2.685,1.953	0.28529	4.711182213864453	TRUE	Muscle_Skeletal
chr10	13597644	13597671	chr10	13597644	13597671	PRPF18	perfect	50	0.0432752	0.054230239408338536	0	0.28529	0.022685	0.028732500000000005	1	Muscle_Skeletal	Muscle_Skeletal,Brain_CerebellarHemisphere,Brain_Cerebellum	4.463,2.705,2.07	0.28529	4.462727855167598	TRUE	Muscle_Skeletal
chr10	26763879	26763960	chr10	26763879	26763960	ABI1	perfect	50	0.09794139999999998	0.15338439165743833	0	0.60461	0	0.2225475	1	Muscle_Skeletal	Muscle_Skeletal,Brain_Caudate_basalganglia,Brain_Putamen_basalganglia	3.303,1.881,1.838	0.60461	3.303260485144867	TRUE	Muscle_Skeletal
chr10	60051474	60051561	chr10	60051474	60051604	ANK3	perfect	50	0.0115244	0.046729198980805936	0	0.32236	0.0013700000000000001	0.0048825000000000006	1	Muscle_Skeletal	Muscle_Skeletal,Heart_LeftVentricle,Heart_AtrialAppendage	6.652,1.379,0.935	0.32236	6.6518495240561695	TRUE	Muscle_Skeletal
chr10	60053676	60053727	chr10	60053676	60053727	ANK3	perfect	50	0.0091966	0.037942668438106474	0	0.26619	0	0.005795	1	Muscle_Skeletal	Muscle_Skeletal,Heart_LeftVentricle,Heart_AtrialAppendage	6.773,0.942,0.652	0.26619	6.77320311351368	TRUE	Muscle_Skeletal
chr10	72524734	72524746	chr10	72524734	72524746	MICU1	perfect	50	0.0268152	0.0385224328623291	0	0.28084	0.023045000000000003	0.0159425	1	Muscle_Skeletal	Muscle_Skeletal,Cells_EBV_transformedlymphocytes,Brain_FrontalCortex_BA9	6.594,0.626,0.434	0.28084	6.594204496580734	TRUE	Muscle_Skeletal
chr10	73448663	73448690	chr10	73448663	73448690	PPP3CB	perfect	50	0.0042774	0.017253787730849835	0	0.10818	0	0	1	Muscle_Skeletal	Muscle_Skeletal,Brain_CerebellarHemisphere,Brain_Cerebellum	6.022,2.801,1.436	0.10818	6.022016824411359	TRUE	Muscle_Skeletal
chr10	95322745	95322805	chr10	95322745	95322805	SORBS1	perfect	50	0.013038000000000001	0.035952127580311855	0	0.19826	0.004255	0.003544999999999999	2	Heart_AtrialAppendage,Muscle_Skeletal	Muscle_Skeletal,Heart_AtrialAppendage,Heart_LeftVentricle	5.152,3.309,2.903	0.19826	5.151906506401905	TRUE	Muscle_Skeletal
chr10	102776390	102776417	chr10	102776248	102776417	WBP1L	perfect	50	0.1682688	0.10464173266368033	0	0.52756	0.15295999999999998	0.12429500000000003	1	Muscle_Skeletal	Muscle_Skeletal,Heart_LeftVentricle,Heart_AtrialAppendage	3.434,2.596,2.176	0.52756	3.433536418541213	TRUE	Muscle_Skeletal
chr10	132832767	132832802	chr10	132832615	132832802	CFAP46	perfect	50	0.0368622	0.06299747627889712	0	0.28437	0	0.0614925	1	Muscle_Skeletal	Muscle_Skeletal,Stomach,Brain_Substantianigra	3.929,2.425,2.229	0.28437	3.9288526242583797	TRUE	Muscle_Skeletal
chr11	1936213	1936254	chr11	1936213	1936254	TNNT3	perfect	50	0.006828000000000001	0.03238068635745066	0	0.18743	0	0	2	MinorSalivaryGland,Muscle_Skeletal	Muscle_Skeletal,MinorSalivaryGland,Heart_LeftVentricle	5.577,3.988,-0.014	0.18743	5.577460527128211	TRUE	Muscle_Skeletal
chr11	7617111	7617294	chr11	7617111	7617294	PPFIBP2	perfect	50	0.0067150000000000005	0.03317686126609008	0	0.2233	0	0	1	Muscle_Skeletal	Muscle_Skeletal,Heart_LeftVentricle,Heart_AtrialAppendage	6.528,1.533,1.451	0.2233	6.528194402204362	TRUE	Muscle_Skeletal
chr11	7641032	7641065	chr11	7641032	7641083	PPFIBP2	perfect	50	0.0768928	0.05942511439258177	0	0.28932	0.07236999999999999	0.094915	1	Muscle_Skeletal	Muscle_Skeletal,Heart_LeftVentricle,Artery_Tibial	3.575,1.715,1.678	0.28932	3.5747040989544656	TRUE	Muscle_Skeletal
chr11	7655432	7655498	chr11	7655413	7655498	PPFIBP2	perfect	50	0.0187468	0.031428086453401026	0	0.22039	0.01194	0.013815	1	Muscle_Skeletal	Muscle_Skeletal,Brain_CerebellarHemisphere,Brain_Cerebellum	6.416,1.479,1.068	0.22039	6.416019005769884	TRUE	Muscle_Skeletal
chr11	7656726	7656795	chr11	7656726	7657127	PPFIBP2	perfect	50	0.0187468	0.031428086453401026	0	0.22039	0.01194	0.013815	1	Muscle_Skeletal	Muscle_Skeletal,Brain_CerebellarHemisphere,Brain_Cerebellum	6.416,1.479,1.068	0.22039	6.416019005769884	TRUE	Muscle_Skeletal
chr11	46366256	46366984	chr11	46366243	46366984	DGKZ	perfect	50	0.0490742	0.05216747145413861	0.00513	0.27192	0.032924999999999996	0.029637499999999997	1	Muscle_Skeletal	Muscle_Skeletal,Pituitary,Heart_AtrialAppendage	4.272,2.811,2.713	0.27192	4.27173857172487	TRUE	Muscle_Skeletal
chr11	47172709	47172751	chr11	47172709	47172751	ARFGAP2	perfect	50	0.0341468	0.03976555952385051	0	0.19202	0.019825000000000002	0.05312	1	Muscle_Skeletal	Muscle_Skeletal,Pancreas,Esophagus_Mucosa	3.97,2.207,1.651	0.19202	3.970098796304151	TRUE	Muscle_Skeletal
chr11	57311237	57311363	chr11	57311237	57311469	TNKS1BP1	perfect	50	0.025092200000000002	0.017999823501402244	0	0.10932	0.023309999999999997	0.020899999999999995	1	Muscle_Skeletal	Muscle_Skeletal,Cells_Culturedfibroblasts,AdrenalGland	4.679,1.945,1.11	0.10932	4.679368105661612	TRUE	Muscle_Skeletal
chr11	62634309	62634375	chr11	62634309	62634375	GANAB	perfect	50	0.1090256	0.04566507271382784	0.04124	0.33933	0.10725	0.03837250000000002	1	Muscle_Skeletal	Muscle_Skeletal,Heart_LeftVentricle,Heart_AtrialAppendage	5.043,2.163,1.514	0.33933	5.043338076854996	TRUE	Muscle_Skeletal
chr11	65580927	65580963	chr11	65580927	65580963	EHBP1L1	perfect	50	0.0095808	0.015493099957262082	0	0.10184	0.0051400000000000005	0.003172499999999999	1	Muscle_Skeletal	Muscle_Skeletal,Brain_Cerebellum,Brain_CerebellarHemisphere	5.955,1.694,1.663	0.10184	5.9548573400093074	TRUE	Muscle_Skeletal
chr11	70349922	70350039	chr11	70349922	70350039	PPFIA1	perfect	50	0.0452028	0.025233581612200667	0.00355	0.14076	0.042855	0.030015	1	Muscle_Skeletal	Muscle_Skeletal,Heart_LeftVentricle,Bladder	3.787,1.6,1.52	0.14076	3.7869059362463715	TRUE	Muscle_Skeletal
chr11	73889050	73889245	chr11	73888793	73889245	PAAF1	perfect	50	0.014620600000000001	0.028552578811300217	0	0.15306	0.0024749999999999998	0.01689	2	Heart_LeftVentricle,Muscle_Skeletal	Muscle_Skeletal,Heart_LeftVentricle,Heart_AtrialAppendage	4.849,3.256,1.756	0.15306	4.8485778085028874	TRUE	Muscle_Skeletal
chr11	74668776	74668853	chr11	74668776	74669117	POLD3	perfect	50	0.1063946	0.038859098963894084	0.05204	0.22754	0.102635	0.04634500000000001	1	Muscle_Skeletal	Muscle_Skeletal,Brain_Putamen_basalganglia,Brain_Amygdala	3.118,1.84,1.826	0.22754	3.1175555591899387	TRUE	Muscle_Skeletal
chr11	85960687	85960777	chr11	85960674	85960777	PICALM	perfect	50	0.0410688	0.042347718086126446	0.00869	0.17597	0.01725	0.05463	1	Muscle_Skeletal	Muscle_Skeletal,Brain_CerebellarHemisphere,Heart_LeftVentricle	3.186,2.128,1.898	0.17597	3.185560074940497	TRUE	Muscle_Skeletal
chr11	113236300	113236315	chr11	113236300	113236315	NCAM1	perfect	50	0.0180194	0.055712747539572664	0	0.32081	0	0.010945	1	Muscle_Skeletal	Muscle_Skeletal,Heart_LeftVentricle,Heart_AtrialAppendage	5.435,2.9,2.712	0.32081	5.4348531237833555	TRUE	Muscle_Skeletal
chr11	113240785	113240833	chr11	113240506	113240833	NCAM1	perfect	50	0.014434599999999999	0.053718997369721626	0	0.30282	0	0.0043525000000000005	2	Heart_LeftVentricle,Muscle_Skeletal	Muscle_Skeletal,Heart_LeftVentricle,Heart_AtrialAppendage	5.368,3.05,2.837	0.30282	5.3684062272269175	TRUE	Muscle_Skeletal
chr11	113242804	113242846	chr11	113242804	113242846	NCAM1	perfect	50	0.012722999999999998	0.04926098933647358	0	0.30282	0	0.0043525000000000005	1	Muscle_Skeletal	Muscle_Skeletal,Heart_LeftVentricle,Heart_AtrialAppendage	5.889,2.721,2.082	0.30282	5.888980386051804	TRUE	Muscle_Skeletal
chr12	4428397	4428403	chr12	4428154	4428403	FGF6	perfect	50	0.006039799999999998	0.042707835370105085	0	0.30199	0	0	1	Muscle_Skeletal	Muscle_Skeletal,Adipose_Subcutaneous,Adipose_Visceral_Omentum	6.93,-0.141,-0.141	0.30199	6.929646455628168	TRUE	Muscle_Skeletal
chr12	21805176	21805311	chr12	21805135	21805311	ABCC9	perfect	50	0.020777799999999992	0.08681441440292303	0	0.52855	0	0	1	Muscle_Skeletal	Muscle_Skeletal,Heart_LeftVentricle,Heart_AtrialAppendage	5.849,2.957,1.85	0.52855	5.848938836854072	TRUE	Muscle_Skeletal
chr12	45292918	45292934	chr12	45292676	45292955	ANO6	perfect	50	0.021558600000000004	0.0445188364173996	0	0.22949	0	0.02005	2	Heart_LeftVentricle,Muscle_Skeletal	Muscle_Skeletal,Heart_LeftVentricle,Heart_AtrialAppendage	4.671,3.672,2.431	0.22949	4.670638694382694	TRUE	Muscle_Skeletal
chr12	55686201	55686314	chr12	55686201	55686314	ITGA7	perfect	50	0.0038662000000000006	0.02636201510445184	0	0.1865	0	0	1	Muscle_Skeletal	Muscle_Skeletal,MinorSalivaryGland,Heart_AtrialAppendage	6.928,-0.015,-0.067	0.1865	6.927915004841873	TRUE	Muscle_Skeletal
chr12	55914288	55914366	chr12	55913745	55914366	PYM1	perfect	50	0.1834494	0.06595418940167982	0.06267	0.46968	0.17021999999999998	0.06163500000000002	1	Muscle_Skeletal	Muscle_Skeletal,Brain_Spinalcord_cervicalc_1,Heart_LeftVentricle	4.34,1.933,1.597	0.46968	4.339839555252116	TRUE	Muscle_Skeletal
chr12	55927109	55927228	chr12	55927075	55927267	PYM1	perfect	50	0.0520086	0.01858264913892549	0.01819	0.11237	0.047674999999999995	0.0174075	1	Muscle_Skeletal	Muscle_Skeletal,Brain_Spinalcord_cervicalc_1,Brain_CerebellarHemisphere	3.248,2.609,2.321	0.11237	3.248266678702964	TRUE	Muscle_Skeletal
chr12	57288856	57288910	chr12	57288856	57288910	R3HDM2	perfect	50	0.098124	0.06870637302228631	0	0.31488	0.08255	0.0753125	1	Muscle_Skeletal	Muscle_Skeletal,WholeBlood,Brain_Amygdala	3.155,2.915,1.791	0.31488	3.1548165106851265	TRUE	Muscle_Skeletal
chr12	57802554	57802585	chr12	57802554	57802774	TSFM	perfect	50	0.0380164	0.034495696789303906	0	0.17291	0.031195	0.033877500000000005	2	Muscle_Skeletal,Testis	Testis,Muscle_Skeletal,Heart_AtrialAppendage	3.91,3.772,1.539	0.16813	3.7718791649497674	TRUE	Muscle_Skeletal
chr12	79810394	79810511	chr12	79810394	79810511	PPP1R12A	perfect	50	0.0037146000000000015	0.017882933742104225	0	0.11881	0	0	1	Muscle_Skeletal	Muscle_Skeletal,Heart_AtrialAppendage,Heart_LeftVentricle	6.436,1.753,1.574	0.11881	6.436046884690694	TRUE	Muscle_Skeletal
chr12	110499534	110499546	chr12	110498795	110499546	VPS29	perfect	50	0.2879078	0.0833680085044617	0.15401	0.5776	0.28254999999999997	0.11450749999999998	1	Muscle_Skeletal	Muscle_Skeletal,Brain_Amygdala,Brain_Putamen_basalganglia	3.475,1.704,1.472	0.5776	3.4748605034087654	TRUE	Muscle_Skeletal
chr12	112931877	112931919	chr12	112931877	112933219	OAS1	perfect	50	0.0402124	0.03591599442235921	0	0.27273	0.035775	0.017635	1	Muscle_Skeletal	Muscle_Skeletal,Heart_LeftVentricle,Artery_Tibial	6.474,0.801,0.453	0.27273	6.473929059729668	TRUE	Muscle_Skeletal
chr12	117255935	117256037	chr12	117255935	117256037	NOS1	perfect	50	0.0063954000000000025	0.045222307084004446	0	0.31977	0	0	1	Muscle_Skeletal	Muscle_Skeletal,Adipose_Subcutaneous,Adipose_Visceral_Omentum	6.93,-0.141,-0.141	0.31977	6.929646455628168	TRUE	Muscle_Skeletal
chr12	123587610	123587631	chr12	123587610	123587631	TMED2	perfect	50	0.018475800000000007	0.07777140249002394	0	0.4476	0	0	2	Heart_LeftVentricle,Muscle_Skeletal	Muscle_Skeletal,Heart_LeftVentricle,Heart_AtrialAppendage	5.518,3.008,2.62	0.4476	5.51776342280886	TRUE	Muscle_Skeletal
chr12	123639956	123640001	chr12	123639956	123640001	GTF2H3	perfect	50	0.002094000000000001	0.014806815998046305	0	0.1047	0	0	1	Muscle_Skeletal	Muscle_Skeletal,Adipose_Subcutaneous,Adipose_Visceral_Omentum	6.93,-0.141,-0.141	0.1047	6.929646455628166	TRUE	Muscle_Skeletal
chr12	128864144	128864179	chr12	128864135	128864179	GLT1D1	perfect	50	0.015516600000000002	0.06007350513176607	0	0.38023	0	0	1	Muscle_Skeletal	Muscle_Skeletal,Artery_Aorta,Uterus	6.071,2.254,2.085	0.38023	6.071119026599705	TRUE	Muscle_Skeletal
chr12	128906906	128906954	chr12	128906906	128906954	GLT1D1	perfect	50	0.015516600000000002	0.06007350513176607	0	0.38023	0	0	1	Muscle_Skeletal	Muscle_Skeletal,Artery_Aorta,Uterus	6.071,2.254,2.085	0.38023	6.071119026599705	TRUE	Muscle_Skeletal
chr13	23346810	23346837	chr13	23346810	23346837	SACS	perfect	50	0.0024264000000000004	0.016230829415350416	0	0.11481	0	0	1	Muscle_Skeletal	Muscle_Skeletal,Brain_FrontalCortex_BA9,Brain_Caudate_basalganglia	6.924,0.078,0.024	0.11481	6.924082381995368	TRUE	Muscle_Skeletal
chr13	32404202	32404271	chr13	32404202	32404271	N4BP2L1	perfect	50	0.1322616	0.03264745177792344	0.08211	0.25822	0.12504500000000002	0.03896749999999999	1	Muscle_Skeletal	Muscle_Skeletal,Brain_Amygdala,Brain_Putamen_basalganglia	3.858,1.854,1.557	0.25822	3.8581387869657386	TRUE	Muscle_Skeletal
chr13	32436384	32436405	chr13	32435742	32436405	N4BP2L2	perfect	50	0.108534	0.07719297792426669	0.02972	0.35921	0.07603499999999999	0.0826125	1	Muscle_Skeletal	Muscle_Skeletal,Heart_LeftVentricle,Brain_Cortex	3.247,2.403,1.99	0.35921	3.2473938270128127	TRUE	Muscle_Skeletal
chr13	32438651	32438737	chr13	32438651	32438737	N4BP2L2	perfect	50	0.108534	0.07719297792426669	0.02972	0.35921	0.07603499999999999	0.0826125	1	Muscle_Skeletal	Muscle_Skeletal,Heart_LeftVentricle,Brain_Cortex	3.247,2.403,1.99	0.35921	3.2473938270128127	TRUE	Muscle_Skeletal
chr13	32442387	32442548	chr13	32442387	32444126	N4BP2L2	perfect	50	0.108534	0.07719297792426669	0.02972	0.35921	0.07603499999999999	0.0826125	1	Muscle_Skeletal	Muscle_Skeletal,Heart_LeftVentricle,Brain_Cortex	3.247,2.403,1.99	0.35921	3.2473938270128127	TRUE	Muscle_Skeletal
chr13	32442548	32443065	chr13	32442387	32444126	N4BP2L2	perfect	50	0.1084918	0.0770535920758787	0.02972	0.3571	0.07603499999999999	0.0826125	1	Muscle_Skeletal	Muscle_Skeletal,Heart_LeftVentricle,Brain_Cortex	3.226,2.408,1.994	0.3571	3.2264323220023603	TRUE	Muscle_Skeletal
chr13	32443065	32443696	chr13	32442387	32444126	N4BP2L2	perfect	50	0.10901519999999999	0.07884483227510726	0.02972	0.38327	0.07603499999999999	0.0826125	1	Muscle_Skeletal	Muscle_Skeletal,Heart_LeftVentricle,Brain_Cortex	3.478,2.347,1.942	0.38327	3.4784118639895594	TRUE	Muscle_Skeletal
chr13	32443696	32444126	chr13	32442387	32444126	N4BP2L2	perfect	50	0.1111546	0.08507429248411924	0.02972	0.46149	0.07603499999999999	0.0826125	1	Muscle_Skeletal	Muscle_Skeletal,Heart_LeftVentricle,Brain_Cortex	4.118,2.15,1.775	0.46149	4.117993694339531	TRUE	Muscle_Skeletal
chr13	33966086	33966122	chr13	33966086	33966558	RFC3	perfect	50	0.11898020000000001	0.044832935619761885	0.05464	0.27972	0.115325	0.050025000000000014	2	Muscle_Skeletal,Testis	Muscle_Skeletal,Testis,Heart_AtrialAppendage	3.585,3.056,1.649	0.27972	3.5853061544590803	TRUE	Muscle_Skeletal
chr13	49110399	49110406	chr13	49110312	49110406	FNDC3A	perfect	50	0.2223626	0.11621490727395466	0.0368	0.58424	0.23106500000000002	0.16367500000000001	1	Muscle_Skeletal	Muscle_Skeletal,Bladder,Skin_SunExposed_Lowerleg	3.114,1.819,1.803	0.58424	3.1138638621200507	TRUE	Muscle_Skeletal
chr13	50960148	50960171	chr13	50959473	50960171	RNASEH2B	perfect	50	0.015554600000000002	0.026521319280294994	0	0.12727	0.002955	0.017595	2	Brain_Spinalcord_cervicalc_1,Muscle_Skeletal	Muscle_Skeletal,Brain_Spinalcord_cervicalc_1,Brain_Substantianigra	4.212,3.069,2.772	0.12727	4.212286682246728	TRUE	Muscle_Skeletal
chr14	23071124	23071147	chr14	23071124	23071617	ACIN1	perfect	50	0.0534694	0.01621767156718943	0.01306	0.11068	0.049865	0.013135	2	Cells_EBV_transformedlymphocytes,Muscle_Skeletal	Muscle_Skeletal,Cells_EBV_transformedlymphocytes,Cells_Culturedfibroblasts	3.528,3.062,2.687	0.11068	3.527670403422454	TRUE	Muscle_Skeletal
chr14	31340449	31340476	chr14	31340449	31340476	HEATR5A	perfect	50	0.006489399999999998	0.034182480081623876	0	0.23505	0	0	1	Muscle_Skeletal	Muscle_Skeletal,Heart_AtrialAppendage,Heart_LeftVentricle	6.686,1.338,0.898	0.23505	6.68648382019746	TRUE	Muscle_Skeletal
chr14	31428168	31428188	chr14	31428143	31428188	ENSG00000203546	perfect	50	0.0343462	0.03950176781835858	0	0.15385	0.00741	0.0717225	1	Muscle_Skeletal	Muscle_Skeletal,Heart_AtrialAppendage,Testis	3.025,1.731,1.338	0.15385	3.025277262261164	TRUE	Muscle_Skeletal
chr14	39267459	39267522	chr14	39265702	39267522	MIA2,MIA2-AS1	perfect	50	0.292126	0.11016013492425747	0.09195	0.64868	0.26382	0.1633025	1	Muscle_Skeletal	Muscle_Skeletal,Cells_Culturedfibroblasts,Cells_EBV_transformedlymphocytes	3.237,2.237,1.835	0.64868	3.2366881199369897	TRUE	Muscle_Skeletal
chr14	76310914	76310916	chr14	76310711	76310916	ESRRB	perfect	50	0.010566800000000005	0.03039018722132095	0	0.14146	0	0	1	Muscle_Skeletal	Muscle_Skeletal,Stomach,Heart_AtrialAppendage	4.307,2.759,2.696	0.14146	4.307087647955284	TRUE	Muscle_Skeletal
chr14	88586570	88586716	chr14	88586570	88586735	ZC3H14	perfect	50	0.030726600000000003	0.05690001601843323	0	0.24651	0.005235	0.0457375	2	Heart_LeftVentricle,Muscle_Skeletal	Muscle_Skeletal,Heart_LeftVentricle,Brain_Spinalcord_cervicalc_1	3.792,3.538,2.434	0.24651	3.792325821667523	TRUE	Muscle_Skeletal
chr14	90605596	90605758	chr14	90605596	90605758	TTC7B	perfect	50	0.011688600000000006	0.046468815042664764	0	0.21535	0	0	3	Heart_AtrialAppendage,Heart_LeftVentricle,Muscle_Skeletal	Muscle_Skeletal,Heart_LeftVentricle,Heart_AtrialAppendage	4.383,3.8,3.526	0.21535	4.382754322721826	TRUE	Muscle_Skeletal
chr14	93925271	93925370	chr14	93925047	93925370	FAM181A,FAM181A-AS1	perfect	50	0.007642599999999999	0.049613171013350894	0	0.35	0	0	1	Muscle_Skeletal	Muscle_Skeletal,Testis,Adipose_Subcutaneous	6.901,0.494,-0.154	0.35	6.9005345356351375	TRUE	Muscle_Skeletal
chr14	94007010	94007061	chr14	94007010	94007552	CCDC197	perfect	50	0.021227399999999993	0.10547893815896546	0	0.6	0	0	2	Heart_LeftVentricle,Muscle_Skeletal	Heart_LeftVentricle,Muscle_Skeletal,Testis	5.487,4.119,-0.147	0.4557	4.119046016041742	TRUE	Muscle_Skeletal
chr15	40433853	40433914	chr15	40433853	40433914	IVD	perfect	50	0.004150999999999999	0.01653942725978239	0	0.11639	1.65e-4	0.0034225	1	Muscle_Skeletal	Muscle_Skeletal,Artery_Tibial,Artery_Aorta	6.786,0.848,0.467	0.11639	6.786147926229746	TRUE	Muscle_Skeletal
chr15	40435531	40435556	chr15	40435416	40435947	IVD	perfect	50	0.004150999999999999	0.01653942725978239	0	0.11639	1.65e-4	0.0034225	1	Muscle_Skeletal	Muscle_Skeletal,Artery_Tibial,Artery_Aorta	6.786,0.848,0.467	0.11639	6.786147926229746	TRUE	Muscle_Skeletal
chr15	55374154	55374250	chr15	55374154	55374250	CCPG1	perfect	50	0.0068444	0.02709858849852228	0	0.19276	0.0017850000000000001	0.0048325	1	Muscle_Skeletal	Muscle_Skeletal,Brain_CerebellarHemisphere,Brain_Cerebellum	6.861,0.221,0.221	0.19276	6.86071158319328	TRUE	Muscle_Skeletal
chr15	55915283	55915654	chr15	55915283	55917131	NEDD4	perfect	50	0.028413800000000006	0.12171265318975592	0	0.81636	0	0.0016925	1	Muscle_Skeletal	Muscle_Skeletal,Cells_Culturedfibroblasts,Brain_Nucleusaccumbens_basalganglia	6.474,1.996,0.679	0.81636	6.473823216815047	TRUE	Muscle_Skeletal
chr15	55915654	55916831	chr15	55915283	55917131	NEDD4	perfect	50	0.011371000000000003	0.0533852125535504	0	0.35182	0	0	1	Muscle_Skeletal	Muscle_Skeletal,Cells_Culturedfibroblasts,Skin_NotSunExposed_Suprapubic	6.377,2.541,0.08	0.35182	6.377215406953706	TRUE	Muscle_Skeletal
chr15	63922737	63923343	chr15	63916146	63923343	DAPK2	perfect	50	0.0274628	0.06584645726883977	0.00623	0.46336	0.014284999999999999	0.011320000000000004	1	Muscle_Skeletal	Muscle_Skeletal,Thyroid,Artery_Aorta	6.62,1.734,0.189	0.46336	6.619903607270876	TRUE	Muscle_Skeletal
chr15	70701876	70701915	chr15	70701876	70702308	UACA	perfect	50	0.045406800000000004	0.04255376668332401	0	0.24564	0.038215	0.0413975	1	Muscle_Skeletal	Muscle_Skeletal,Cells_Culturedfibroblasts,Adipose_Visceral_Omentum	4.705,1.952,1.377	0.24564	4.705416596610412	TRUE	Muscle_Skeletal
chr15	89878264	89878300	chr15	89878264	89878300	AP3S2	perfect	50	0.0363908	0.021758253966563345	0.01479	0.14659	0.03218	0.0128225	1	Muscle_Skeletal	Muscle_Skeletal,Heart_LeftVentricle,Heart_AtrialAppendage	5.065,2.865,1.596	0.14659	5.064707865316164	TRUE	Muscle_Skeletal
chr15	98998110	98998163	chr15	98998110	98998163	PGPEP1L	perfect	50	0.0037771999999999997	0.0190559857262751	0	0.11277	0	0	2	Artery_Tibial,Muscle_Skeletal	Muscle_Skeletal,Artery_Tibial,Adipose_Subcutaneous	5.72,3.795,-0.198	0.11277	5.719609657857619	TRUE	Muscle_Skeletal
chr16	540189	540371	chr16	540104	540371	CAPN15	perfect	50	0.0669472	0.027925356558847654	0.0243	0.16393	0.062025000000000004	0.030879999999999998	1	Muscle_Skeletal	Muscle_Skeletal,Brain_FrontalCortex_BA9,Brain_Cerebellum	3.473,2.079,1.916	0.16393	3.472929693686318	TRUE	Muscle_Skeletal
chr16	16098872	16098902	chr16	16098872	16098902	ABCC1	perfect	50	0.017642599999999998	0.04153379916036912	0	0.16811	0	0.0066425	3	Brain_CerebellarHemisphere,Brain_Cerebellum,Muscle_Skeletal	Muscle_Skeletal,Brain_Cerebellum,Brain_CerebellarHemisphere	3.623,3.135,3.011	0.16811	3.6227699618573195	TRUE	Muscle_Skeletal
chr16	20789478	20789557	chr16	20789478	20789557	ERI2	perfect	50	0.0474274	0.017197095721816113	0.01953	0.108	0.044950000000000004	0.015449999999999992	2	Muscle_Skeletal,Testis	Muscle_Skeletal,Testis,WholeBlood	3.522,3.285,1.119	0.108	3.5222575357976305	TRUE	Muscle_Skeletal
chr16	20790849	20790932	chr16	20790777	20790932	ERI2	perfect	50	0.0474274	0.017197095721816113	0.01953	0.108	0.044950000000000004	0.015449999999999992	2	Muscle_Skeletal,Testis	Muscle_Skeletal,Testis,WholeBlood	3.522,3.285,1.119	0.108	3.5222575357976305	TRUE	Muscle_Skeletal
chr16	24929616	24929660	chr16	24929612	24929660	ARHGAP17	perfect	50	0.0262164	0.03271068718573893	0	0.15012	0.013575	0.0307525	3	Cells_EBV_transformedlymphocytes,Muscle_Skeletal,WholeBlood	Muscle_Skeletal,WholeBlood,Cells_EBV_transformedlymphocytes	3.788,3.238,3.102	0.15012	3.7878629481687858	TRUE	Muscle_Skeletal
chr16	28259245	28259502	chr16	28258685	28259502	ENSG00000283662,ENSG00000298931,SBK1	perfect	50	0.009924800000000001	0.028959282551153643	0	0.17134	0	0	1	Muscle_Skeletal	Muscle_Skeletal,Brain_CerebellarHemisphere,Heart_LeftVentricle	5.574,2.143,1.85	0.17134	5.573867367566042	TRUE	Muscle_Skeletal
chr16	31890206	31890211	chr16	31890206	31890250	ZNF267	perfect	50	0.037092599999999996	0.055961575914339	0	0.29577	0	0.05331	1	Muscle_Skeletal	Muscle_Skeletal,Cells_Culturedfibroblasts,Heart_LeftVentricle	4.622,2.545,1.582	0.29577	4.6224109270253635	TRUE	Muscle_Skeletal
chr16	66492961	66493133	chr16	66492961	66493529	BEAN1	perfect	50	0.12786	0.1844825247406753	0	0.85714	0.06955	0.1766975	1	Muscle_Skeletal	Muscle_Skeletal,Brain_Putamen_basalganglia,Brain_Caudate_basalganglia	3.953,2.288,2.135	0.85714	3.9531115536560413	TRUE	Muscle_Skeletal
chr16	68575790	68575873	chr16	68575790	68576072	ZFP90	perfect	50	0.07265239999999999	0.09745233205364498	0	0.53381	0.044020000000000004	0.05197499999999999	2	Heart_LeftVentricle,Muscle_Skeletal	Muscle_Skeletal,Heart_LeftVentricle,Heart_AtrialAppendage	4.732,3.248,2.182	0.53381	4.732135088836507	TRUE	Muscle_Skeletal
chr16	85169524	85171807	chr16	85169524	85171807	GSE1	perfect	50	0.0410742	0.03273855139290867	0	0.16326	0.03238	0.036865	2	Cells_Culturedfibroblasts,Muscle_Skeletal	Cells_Culturedfibroblasts,Muscle_Skeletal,Esophagus_Muscularis	3.732,3.586,1.413	0.15849	3.5864690099096084	TRUE	Muscle_Skeletal
chr16	85357462	85357643	chr16	85357462	85357643	GSE1	perfect	50	0.0410742	0.03273855139290867	0	0.16326	0.03238	0.036865	2	Cells_Culturedfibroblasts,Muscle_Skeletal	Cells_Culturedfibroblasts,Muscle_Skeletal,Esophagus_Muscularis	3.732,3.586,1.413	0.15849	3.5864690099096084	TRUE	Muscle_Skeletal
chr16	87358410	87358497	chr16	87358410	87358497	FBXO31	perfect	50	0.048586199999999996	0.04531948753650496	0	0.22709	0.040435	0.040870000000000004	1	Muscle_Skeletal	Muscle_Skeletal,Heart_LeftVentricle,Artery_Tibial	3.939,2.22,1.761	0.22709	3.9387868156323425	TRUE	Muscle_Skeletal
chr17	1348003	1348008	chr17	1347961	1348008	YWHAE	perfect	50	0.0105858	0.050133291439635505	0	0.33664	0	0.00119	1	Muscle_Skeletal	Muscle_Skeletal,Heart_LeftVentricle,Heart_AtrialAppendage	6.504,1.981,0.93	0.33664	6.50374612631599	TRUE	Muscle_Skeletal
chr17	29079733	29081000	chr17	29079726	29081000	MYO18A	perfect	50	0.08960420000000001	0.09936367781918654	0.01192	0.44109	0.054	0.053292499999999986	3	Heart_AtrialAppendage,Heart_LeftVentricle,Muscle_Skeletal	Muscle_Skeletal,Heart_LeftVentricle,Heart_AtrialAppendage	3.537,3.438,3.326	0.44109	3.537367051163339	TRUE	Muscle_Skeletal
chr17	29124652	29124688	chr17	29124652	29124688	MYO18A	perfect	50	0.024418199999999998	0.026669807027760048	0.00152	0.11977	0.014499999999999999	0.025527499999999998	1	Muscle_Skeletal	Muscle_Skeletal,Artery_Tibial,Artery_Aorta	3.575,2.487,2.405	0.11977	3.5752714633724305	TRUE	Muscle_Skeletal
chr17	39185949	39186104	chr17	39185949	39186104	CACNB1	perfect	50	0.0867242	0.1465661464669221	0	0.79471	0.03938	0.04852250000000001	2	Heart_LeftVentricle,Muscle_Skeletal	Muscle_Skeletal,Heart_LeftVentricle,Heart_AtrialAppendage	4.83,3.124,2.74	0.79471	4.830486555500607	TRUE	Muscle_Skeletal
chr17	43526495	43526595	chr17	43526386	43526803	DHX8	perfect	50	0.0433534	0.03117030216702548	0.00155	0.15491	0.03684	0.037582500000000005	1	Muscle_Skeletal	Muscle_Skeletal,Cells_Culturedfibroblasts,Cells_EBV_transformedlymphocytes	3.579,2.647,2.092	0.15491	3.5789386770210325	TRUE	Muscle_Skeletal
chr17	45142582	45142607	chr17	45142582	45142959	ACBD4	perfect	50	0.0772706	0.018125371935381582	0.05398	0.16294	0.07443	0.014715000000000006	1	Muscle_Skeletal	Muscle_Skeletal,Cells_EBV_transformedlymphocytes,Heart_LeftVentricle	4.726,2.702,2.115	0.16294	4.726490595912644	TRUE	Muscle_Skeletal
chr17	46528851	46528859	chr17	46527250	46528859	ARL17A	perfect	50	0.0647992	0.030967814815530327	0	0.19018	0.058495	0.031827499999999995	1	Muscle_Skeletal	Muscle_Skeletal,Artery_Tibial,Ovary	4.049,2.05,1.785	0.19018	4.048745471608854	TRUE	Muscle_Skeletal
chr17	50999475	50999487	chr17	50999475	50999487	SPAG9	perfect	50	0.003995400000000001	0.02774257637124364	0	0.19621	0	0	1	Muscle_Skeletal	Muscle_Skeletal,Heart_AtrialAppendage,Adipose_Subcutaneous	6.929,-0.016,-0.144	0.19621	6.9285057533170775	TRUE	Muscle_Skeletal
chr17	55043611	55043626	chr17	55043611	55044776	STXBP4	perfect	50	0.1186754	0.05398233494923528	0	0.2973	0.108555	0.05418499999999998	1	Muscle_Skeletal	Muscle_Skeletal,Cells_EBV_transformedlymphocytes,Heart_AtrialAppendage	3.309,2.263,2.132	0.2973	3.308945420163424	TRUE	Muscle_Skeletal
chr18	8828907	8828943	chr18	8828907	8828964	MTCL1	perfect	50	0.2105378	0.07418295712435764	0	0.46835	0.21453	0.06806750000000003	1	Muscle_Skeletal	Muscle_Skeletal,Cells_Culturedfibroblasts,Cells_EBV_transformedlymphocytes	3.475,1.96,1.655	0.46835	3.4753562003171816	TRUE	Muscle_Skeletal
chr18	50267590	50267663	chr18	50266745	50267663	MBD1	perfect	50	0.0555578	0.03196713307605236	0.01764	0.15225	0.039465	0.04559250000000001	1	Muscle_Skeletal	Muscle_Skeletal,Brain_CerebellarHemisphere,Brain_Amygdala	3.025,1.972,1.735	0.15225	3.024737932236887	TRUE	Muscle_Skeletal
chr18	56604435	56604478	chr18	56604435	56604478	TXNL1	perfect	50	0.008207000000000004	0.03371431345337843	0	0.17416	0	0	2	Heart_LeftVentricle,Muscle_Skeletal	Muscle_Skeletal,Heart_LeftVentricle,Heart_AtrialAppendage	4.922,3.867,2.652	0.17416	4.922330695818167	TRUE	Muscle_Skeletal
chr18	56605181	56605272	chr18	56605181	56605272	TXNL1	perfect	50	0.008207000000000004	0.03371431345337843	0	0.17416	0	0	2	Heart_LeftVentricle,Muscle_Skeletal	Muscle_Skeletal,Heart_LeftVentricle,Heart_AtrialAppendage	4.922,3.867,2.652	0.17416	4.922330695818167	TRUE	Muscle_Skeletal
chr18	58255640	58256774	chr18	58255439	58256774	NEDD4L	perfect	50	0.0069486	0.02719157012301978	0	0.16645	0	0.001515	1	Muscle_Skeletal	Muscle_Skeletal,Heart_LeftVentricle,Heart_AtrialAppendage	5.866,2.995,1.741	0.16645	5.8658400113853535	TRUE	Muscle_Skeletal
chr19	15249282	15249290	chr19	15247046	15249290	BRD4	perfect	50	0.3754926	0.08874294896531908	0.24281	0.69756	0.35329	0.13526	1	Muscle_Skeletal	Muscle_Skeletal,Heart_LeftVentricle,Brain_Spinalcord_cervicalc_1	3.629,1.869,1.843	0.69756	3.629216785728684	TRUE	Muscle_Skeletal
chr19	23338941	23339054	chr19	23337830	23340137	ZNF91	perfect	50	0.1022138	0.05440263821221338	0	0.31661	0.09579	0.06646	1	Muscle_Skeletal	Muscle_Skeletal,WholeBlood,Cells_EBV_transformedlymphocytes	3.941,1.708,1.703	0.31661	3.940915496849344	TRUE	Muscle_Skeletal
chr19	29923691	29923733	chr19	29923643	29923754	URI1	perfect	50	0.1572154	0.058578224282072745	0.08867	0.37117	0.13846999999999998	0.04406250000000002	2	Cells_EBV_transformedlymphocytes,Muscle_Skeletal	Muscle_Skeletal,Cells_EBV_transformedlymphocytes,Testis	3.652,3.635,1.856	0.37117	3.6524596404585545	TRUE	Muscle_Skeletal
chr19	34996022	34996291	chr19	34995993	34996291	GRAMD1A	perfect	50	0.020809	0.045460895878563945	0.00364	0.33307	0.01406	0.005917499999999999	1	Muscle_Skeletal	Muscle_Skeletal,Liver,Brain_Substantianigra	6.869,0.487,0.05	0.33307	6.868782367028529	TRUE	Muscle_Skeletal
chr19	35501822	35501878	chr19	35501800	35501911	DMKN	perfect	50	0.1878742	0.21512008091438664	0.00333	0.95238	0.10433500000000001	0.18403499999999998	2	Muscle_Skeletal,WholeBlood	Muscle_Skeletal,WholeBlood,Skin_NotSunExposed_Suprapubic	3.554,3.465,1.844	0.95238	3.553856045192999	TRUE	Muscle_Skeletal
chr19	35501878	35501892	chr19	35501800	35501911	DMKN	perfect	50	0.1878278	0.21503676141619912	0.00333	0.95238	0.10433500000000001	0.18403499999999998	2	Muscle_Skeletal,WholeBlood	Muscle_Skeletal,WholeBlood,Skin_NotSunExposed_Suprapubic	3.555,3.467,1.84	0.95238	3.5554488217027473	TRUE	Muscle_Skeletal
chr19	35501892	35501903	chr19	35501800	35501911	DMKN	perfect	50	0.1866642	0.21317421488107624	0.00333	0.95238	0.10433500000000001	0.18403499999999998	2	Muscle_Skeletal,WholeBlood	Muscle_Skeletal,WholeBlood,Skin_NotSunExposed_Suprapubic	3.592,3.503,1.769	0.95238	3.591971948517182	TRUE	Muscle_Skeletal
chr19	36997440	36997596	chr19	36996316	37005037	ENSG00000291239,ZNF568	perfect	50	0.0300002	0.019700058685295372	0	0.10092	0.027235000000000002	0.024147500000000002	1	Muscle_Skeletal	Muscle_Skeletal,Testis,Brain_Cerebellum	3.6,2.42,1.965	0.10092	3.5999791235615124	TRUE	Muscle_Skeletal
chr19	38173643	38173672	chr19	38173625	38173672	SIPA1L3	perfect	50	0.056775	0.061108872105448006	0	0.29014	0.046704999999999997	0.031169999999999996	2	Heart_AtrialAppendage,Muscle_Skeletal	Muscle_Skeletal,Heart_AtrialAppendage,Heart_LeftVentricle	3.819,3.316,2.48	0.29014	3.8188399157050545	TRUE	Muscle_Skeletal
chr19	57513021	57513065	chr19	57513021	57518404	ENSG00000268107,ZNF773	perfect	50	0.0738214	0.02744368489939248	0.0369	0.17568	0.06578500000000001	0.034095	1	Muscle_Skeletal	Muscle_Skeletal,Adipose_Subcutaneous,Breast_MammaryTissue	3.712,1.899,1.62	0.17568	3.7115496834120423	TRUE	Muscle_Skeletal
chr2	3274338	3274419	chr2	3274338	3274419	EIPR1	perfect	50	0.0539748	0.011556842524792709	0.03963	0.12086	0.054985000000000006	0.009144999999999993	1	Muscle_Skeletal	Muscle_Skeletal,Brain_Substantianigra,Brain_Amygdala	5.787,0.961,0.809	0.12086	5.787497740538754	TRUE	Muscle_Skeletal
chr2	8726895	8726943	chr2	8726886	8726943	KIDINS220	perfect	50	0.0207274	0.02117654235618424	0.00258	0.10477	0.011425000000000001	0.0183475	1	Muscle_Skeletal	Muscle_Skeletal,Brain_FrontalCortex_BA9,Brain_CerebellarHemisphere	3.969,2.347,2.148	0.10477	3.968664883361226	TRUE	Muscle_Skeletal
chr2	24768078	24768120	chr2	24767770	24768135	NCOA1	perfect	50	0.5864878	0.05660808225592771	0.46672	0.76608	0.5824400000000001	0.06220249999999994	1	Muscle_Skeletal	Muscle_Skeletal,Cells_EBV_transformedlymphocytes,Cells_Culturedfibroblasts	3.173,1.807,1.524	0.76608	3.1725540389807856	TRUE	Muscle_Skeletal
chr2	65242048	65242063	chr2	65241971	65242063	ACTR2	perfect	50	0.0083564	0.03162165815270495	0	0.21599	0	0.002675	1	Muscle_Skeletal	Muscle_Skeletal,Brain_CerebellarHemisphere,Brain_FrontalCortex_BA9	6.566,1.445,0.773	0.21599	6.566183183605088	TRUE	Muscle_Skeletal
chr2	71453998	71454086	chr2	71453080	71454470	DYSF,ENSG00000289327	perfect	50	0.0498894	0.0651598807458725	0	0.30623	0.025255	0.07513249999999999	1	Muscle_Skeletal	Muscle_Skeletal,Artery_Tibial,Bladder	3.934,2.282,1.855	0.30623	3.93402500228237	TRUE	Muscle_Skeletal
chr2	71549349	71549391	chr2	71549349	71549391	DYSF	perfect	50	0.0479474	0.06841136702332441	0	0.35526	0.024005	0.0639725	1	Muscle_Skeletal	Muscle_Skeletal,Artery_Tibial,Bladder	4.492,1.953,1.795	0.35526	4.492127746770851	TRUE	Muscle_Skeletal
chr2	86239921	86240071	chr2	86239921	86240071	REEP1	perfect	50	0.0039910000000000015	0.02391775237290136	0	0.16821	0	0	1	Muscle_Skeletal	Muscle_Skeletal,Heart_AtrialAppendage,Heart_LeftVentricle	6.866,0.679,0.298	0.16821	6.865987967416994	TRUE	Muscle_Skeletal
chr2	95259075	95259144	chr2	95259075	95259236	ZNF892	perfect	50	0.05027620000000001	0.08731439198969787	0	0.375	0	0.0962575	1	Muscle_Skeletal	Muscle_Skeletal,Esophagus_Muscularis,Heart_AtrialAppendage	3.719,1.908,1.878	0.375	3.719018051895887	TRUE	Muscle_Skeletal
chr2	96606969	96607047	chr2	96606969	96607047	KANSL3	perfect	50	0.017761600000000002	0.06859838114231954	0	0.43559	0	0	1	Muscle_Skeletal	Muscle_Skeletal,Brain_Cerebellum,Brain_CerebellarHemisphere	6.091,2.223,1.455	0.43559	6.090936739937647	TRUE	Muscle_Skeletal
chr2	98581575	98581753	chr2	98581575	98582164	INPP4A	perfect	50	0.030389	0.027803739746256276	0.00539	0.18378	0.02419	0.015950000000000002	1	Muscle_Skeletal	Muscle_Skeletal,Cells_Culturedfibroblasts,Artery_Tibial	5.517,2.674,1.255	0.18378	5.516919716551937	TRUE	Muscle_Skeletal
chr2	108680968	108681112	chr2	108680968	108681160	LIMS1	perfect	50	0.016035000000000004	0.03225691757798088	0	0.16214	0	0.022985000000000002	1	Muscle_Skeletal	Muscle_Skeletal,Brain_CerebellarHemisphere,Heart_LeftVentricle	4.529,2.732,2.43	0.16214	4.5294160437615325	TRUE	Muscle_Skeletal
chr2	110532513	110532573	chr2	110532495	110532573	RGPD6	perfect	50	0.0180806	0.07238607793784997	0	0.4	0	0	2	Muscle_Skeletal,WholeBlood	WholeBlood,Muscle_Skeletal,Testis	5.276,3.381,2.63	0.26279	3.380614159121942	TRUE	Muscle_Skeletal
chr2	112095227	112095299	chr2	112095188	112095299	TMEM87B	perfect	50	0.024086200000000002	0.03521397802763291	0	0.14747	0	0.0407425	1	Muscle_Skeletal	Muscle_Skeletal,Brain_Cerebellum,Brain_CerebellarHemisphere	3.504,2.505,2.49	0.14747	3.5038302092191618	TRUE	Muscle_Skeletal
chr2	127060595	127060640	chr2	127060586	127060640	BIN1	perfect	50	0.1118664	0.13971889536304452	0.00578	0.96809	0.08376	0.06196	1	Muscle_Skeletal	Muscle_Skeletal,Heart_LeftVentricle,WholeBlood	6.128,1.455,1.429	0.96809	6.1281875853312116	TRUE	Muscle_Skeletal
chr2	127485907	127486033	chr2	127485873	127486033	IWS1	perfect	50	0.1388358	0.10941933150266363	0.02481	0.5133	0.1005	0.08847000000000002	2	Heart_LeftVentricle,Muscle_Skeletal	Heart_LeftVentricle,Muscle_Skeletal,Heart_AtrialAppendage	3.422,3.272,2.772	0.49689	3.272312077608368	TRUE	Muscle_Skeletal
chr2	174757945	174758020	chr2	174757945	174758020	CHRNA1	perfect	50	0.0056732000000000015	0.04011558191027521	0	0.28366	0	0	1	Muscle_Skeletal	Muscle_Skeletal,Adipose_Subcutaneous,Adipose_Visceral_Omentum	6.93,-0.141,-0.141	0.28366	6.929646455628168	TRUE	Muscle_Skeletal
chr2	188582340	188582565	chr2	188582340	188582565	GULP1	perfect	50	0.0931398	0.07273486398375055	0	0.34774	0.08185999999999999	0.09456	1	Muscle_Skeletal	Muscle_Skeletal,Brain_FrontalCortex_BA9,Brain_Anteriorcingulatecortex_BA24	3.5,2.249,1.55	0.34774	3.500387380347331	TRUE	Muscle_Skeletal
chr2	196713356	196713683	chr2	196713098	196713683	CCDC150	perfect	50	0.02184	0.06379884980730215	0	0.33333	0	0	2	Kidney_Cortex,Muscle_Skeletal	Muscle_Skeletal,Kidney_Cortex,Brain_Anteriorcingulatecortex_BA24	4.882,3.749,1.748	0.33333	4.882376421217992	TRUE	Muscle_Skeletal
chr2	197785982	197786003	chr2	197785982	197786574	BOLL	perfect	50	0.016954800000000003	0.11846816617512892	0	0.83784	0	0	1	Muscle_Skeletal	Muscle_Skeletal,Testis,Adipose_Subcutaneous	6.929,-0.06,-0.143	0.83784	6.929162715209951	TRUE	Muscle_Skeletal
chr2	207581824	207581946	chr2	207581352	207582160	METTL21A	perfect	50	0.1123778	0.03999040820149813	0.04878	0.28131	0.10363	0.033057500000000004	1	Muscle_Skeletal	Muscle_Skeletal,Heart_AtrialAppendage,Heart_LeftVentricle	4.224,2.442,2.01	0.28131	4.224317970169443	TRUE	Muscle_Skeletal
chr2	217829843	217829882	chr2	217829843	217829882	TNS1	perfect	50	0.1053722	0.0961633814070234	0	0.64365000000000006	0.09432	0.09225499999999999	1	Muscle_Skeletal	Muscle_Skeletal,Artery_Tibial,Brain_Spinalcord_cervicalc_1	5.598,1.195,1.102	0.64365000000000006	5.597534031396761	TRUE	Muscle_Skeletal
chr2	219399865	219399925	chr2	219399865	219400022	DNPEP	perfect	50	0.1421658	0.06187030431046373	0.04196	0.38745	0.13282	0.0636575	2	Muscle_Skeletal,Testis	Testis,Muscle_Skeletal,Heart_LeftVentricle	3.964,3.046,1.764	0.33064	3.0462788586628067	TRUE	Muscle_Skeletal
chr2	227342744	227342819	chr2	227342744	227342819	MFF	perfect	50	0.1083416	0.08837834378652375	0.03775	0.64702	0.08821499999999999	0.0295425	1	Muscle_Skeletal	Muscle_Skeletal,Heart_AtrialAppendage,Heart_LeftVentricle	6.095,1.935,1.841	0.64702	6.095140245003546	TRUE	Muscle_Skeletal
chr2	227532137	227532209	chr2	227532137	227532209	AGFG1	perfect	50	0.0102828	0.030287578449366515	0	0.15896	0.00182	0.003495	2	Heart_LeftVentricle,Muscle_Skeletal	Muscle_Skeletal,Heart_LeftVentricle,Testis	4.909,3.51,2.109	0.15896	4.908850677796913	TRUE	Muscle_Skeletal
chr2	232574073	232574136	chr2	232572015	232574341	EIF4E2	perfect	50	0.005761	0.023464589669699047	0	0.13965	0	0	1	Muscle_Skeletal	Muscle_Skeletal,Heart_AtrialAppendage,Heart_LeftVentricle	5.706,2.631,2.608	0.13965	5.70600218817793	TRUE	Muscle_Skeletal
chr2	232574308	232574341	chr2	232572015	232574341	EIF4E2	perfect	50	0.005761	0.023464589669699047	0	0.13965	0	0	1	Muscle_Skeletal	Muscle_Skeletal,Heart_AtrialAppendage,Heart_LeftVentricle	5.706,2.631,2.608	0.13965	5.70600218817793	TRUE	Muscle_Skeletal
chr2	232580943	232581124	chr2	232580903	232583644	EIF4E2,ENSG00000237126	perfect	50	0.005761	0.023464589669699047	0	0.13965	0	0	1	Muscle_Skeletal	Muscle_Skeletal,Heart_AtrialAppendage,Heart_LeftVentricle	5.706,2.631,2.608	0.13965	5.70600218817793	TRUE	Muscle_Skeletal
chr2	233273990	233274041	chr2	233273990	233274041	ATG16L1	perfect	50	0.0605328	0.1258284640105938	0	0.61151	0	0.05762	2	Heart_LeftVentricle,Muscle_Skeletal	Muscle_Skeletal,Heart_LeftVentricle,Heart_AtrialAppendage	4.379,3.506,2.138	0.61151	4.378796199511836	TRUE	Muscle_Skeletal
chr2	236503630	236503662	chr2	236503630	236503697	IQCA1	perfect	50	0.3850312	0.16006869815533223	0	1	0.394135	0.16671250000000004	1	Muscle_Skeletal	Muscle_Skeletal,Brain_Substantianigra,Heart_AtrialAppendage	3.842,1.23,1.164	1	3.8419054261516403	TRUE	Muscle_Skeletal
chr20	3901551	3901617	chr20	3901547	3901617	PANK2	perfect	50	0.0500824	0.051997559854834945	0	0.27649	0.036735000000000004	0.06458749999999999	1	Muscle_Skeletal	Muscle_Skeletal,Esophagus_Mucosa,Skin_SunExposed_Lowerleg	4.354,1.728,1.63	0.27649	4.354196632151147	TRUE	Muscle_Skeletal
chr20	20598678	20598819	chr20	20598678	20598819	RALGAPA2	perfect	50	0.0275224	0.04738242559585714	0	0.23316	0	0.0550925	1	Muscle_Skeletal	Muscle_Skeletal,Brain_Cerebellum,Brain_CerebellarHemisphere	4.34,2.337,1.866	0.23316	4.339955108123038	TRUE	Muscle_Skeletal
chr20	34915217	34915256	chr20	34915217	34915256	ACSS2	perfect	50	0.0283752	0.10509265005154812	0	0.55933	0	0.0065125	2	Heart_LeftVentricle,Muscle_Skeletal	Muscle_Skeletal,Heart_LeftVentricle,Heart_AtrialAppendage	5.052,3.832,2.448	0.55933	5.052254365453395	TRUE	Muscle_Skeletal
chr21	33641178	33641244	chr21	33641178	33641305	CRYZL1	perfect	50	0.0386666	0.018791698515622287	0.02093	0.12317	0.034905	0.01304	1	Muscle_Skeletal	Muscle_Skeletal,Heart_LeftVentricle,Cells_EBV_transformedlymphocytes	4.497,2.809,2.43	0.12317	4.496847367455846	TRUE	Muscle_Skeletal
chr21	37072144	37072148	chr21	37072144	37072310	PIGP	perfect	50	0.1536084	0.05239108579574528	0.06612	0.33714	0.156255	0.06954250000000001	1	Muscle_Skeletal	Muscle_Skeletal,Testis,Skin_NotSunExposed_Suprapubic	3.503,2.72,1.266	0.33714	3.503107393412807	TRUE	Muscle_Skeletal
chr21	41834504	41834564	chr21	41834504	41834564	PRDM15	perfect	50	0.063779	0.04717784780455111	0	0.28103	0.066705	0.040944999999999995	1	Muscle_Skeletal	Muscle_Skeletal,Nerve_Tibial,Brain_CerebellarHemisphere	4.605,1.37,0.94	0.28103	4.604936641027581	TRUE	Muscle_Skeletal
chr21	45134795	45134832	chr21	45134714	45134832	ADARB1	perfect	50	0.05058	0.026846596105446582	0.00168	0.13672	0.04615	0.03427500000000001	1	Muscle_Skeletal	Muscle_Skeletal,Testis,Heart_AtrialAppendage	3.209,2.569,1.324	0.13672	3.2086004371527794	TRUE	Muscle_Skeletal
chr22	17793728	17793794	chr22	17793728	17793794	MICAL3	perfect	50	0.029927799999999997	0.045269394323407534	0	0.20935	0	0.052820000000000006	1	Muscle_Skeletal	Muscle_Skeletal,WholeBlood,Liver	3.963,2.686,1.627	0.20935	3.96343274924767	TRUE	Muscle_Skeletal
chr22	19895135	19895200	chr22	19893901	19895320	TXNRD2	perfect	50	0.0564412	0.03913783928421106	0.02203	0.21339	0.045829999999999996	0.0245075	2	Cells_EBV_transformedlymphocytes,Muscle_Skeletal	Muscle_Skeletal,Cells_EBV_transformedlymphocytes,Brain_Cerebellum	4.01,3.914,1.533	0.21339	4.010154951587123	TRUE	Muscle_Skeletal
chr22	19933433	19933440	chr22	19933433	19933526	TXNRD2	perfect	50	0.049884200000000004	0.027557240619688842	0.01867	0.15361	0.04221	0.024572499999999997	1	Muscle_Skeletal	Muscle_Skeletal,Cells_EBV_transformedlymphocytes,WholeBlood	3.764,2.918,2.054	0.15361	3.764012566842086	TRUE	Muscle_Skeletal
chr22	25112177	25112462	chr22	25111841	25112462	KIAA1671,KIAA1671-AS1	perfect	50	0.1402544	0.11745022089552733	0	0.69064	0.12691	0.12037	1	Muscle_Skeletal	Muscle_Skeletal,MinorSalivaryGland,Breast_MammaryTissue	4.686,2.392,1.383	0.69064	4.686118049020711	TRUE	Muscle_Skeletal
chr22	29531077	29531110	chr22	29531077	29531110	THOC5	perfect	50	0.1043466	0.07759929895564883	0.00989	0.37353	0.081255	0.11230500000000002	1	Muscle_Skeletal	Muscle_Skeletal,Heart_LeftVentricle,Artery_Tibial	3.469,2.206,1.693	0.37353	3.4688895856372266	TRUE	Muscle_Skeletal
chr22	31093447	31093783	chr22	31093357	31093876	SMTN	perfect	50	0.0531776	0.10527535745842899	0	0.52706	0.018029999999999997	0.036212499999999995	2	Heart_LeftVentricle,Muscle_Skeletal	Muscle_Skeletal,Heart_LeftVentricle,Heart_AtrialAppendage	4.501,4.164,2.558	0.52706	4.501361110905048	TRUE	Muscle_Skeletal
chr22	31093783	31093876	chr22	31093357	31093876	SMTN	perfect	50	0.059560800000000004	0.1041487508589008	0	0.5304	0.029199999999999997	0.032400000000000005	2	Heart_LeftVentricle,Muscle_Skeletal	Muscle_Skeletal,Heart_LeftVentricle,Heart_AtrialAppendage	4.521,4.181,2.559	0.5304	4.520833866148679	TRUE	Muscle_Skeletal
chr22	35752612	35752655	chr22	35752612	35752655	RBFOX2	perfect	50	0.013232800000000003	0.048811503915050396	0	0.27908	0	0.003175	2	Heart_LeftVentricle,Muscle_Skeletal	Muscle_Skeletal,Heart_LeftVentricle,Heart_AtrialAppendage	5.446,3.114,2.615	0.27908	5.446404611148018	TRUE	Muscle_Skeletal
chr22	37759416	37759524	chr22	37759416	37760346	TRIOBP	perfect	50	0.0673632	0.022897499858174512	0.03807	0.19582	0.065215	0.014787500000000002	1	Muscle_Skeletal	Muscle_Skeletal,Brain_CerebellarHemisphere,Pituitary	5.61,1.362,1.227	0.19582	5.610079737772782	TRUE	Muscle_Skeletal
chr22	38025578	38025663	chr22	38025578	38025768	POLR2F	perfect	50	0.031066800000000002	0.02306117723953982	0	0.10854	0.027135	0.025609999999999997	1	Muscle_Skeletal	Muscle_Skeletal,Cells_EBV_transformedlymphocytes,Cells_Culturedfibroblasts	3.359,2.85,2.203	0.10854	3.3594642283554967	TRUE	Muscle_Skeletal
chr22	39377014	39377038	chr22	39377014	39377075	SYNGR1	perfect	50	0.018067399999999997	0.041585982666356824	0	0.18007	0	0	2	Heart_AtrialAppendage,Muscle_Skeletal	Muscle_Skeletal,Heart_AtrialAppendage,Heart_LeftVentricle	3.896,3.324,2.177	0.18007	3.8956059136498546	TRUE	Muscle_Skeletal
chr3	10332032	10332037	chr3	10331910	10332037	ATP2B2	perfect	50	0.0203216	0.06814824732679693	0	0.40329	0	0.0085275	1	Muscle_Skeletal	Muscle_Skeletal,Uterus,Nerve_Tibial	5.62,2.832,2.445	0.40329	5.619636821524109	TRUE	Muscle_Skeletal
chr3	10336128	10336300	chr3	10336128	10336300	ATP2B2	perfect	50	0.0223106	0.0682963118019934	0	0.40329	0	0.0139325	1	Muscle_Skeletal	Muscle_Skeletal,Uterus,Nerve_Tibial	5.578,2.797,2.411	0.40329	5.5783305122617195	TRUE	Muscle_Skeletal
chr3	19936140	19936303	chr3	19936140	19936334	EFHB	perfect	50	0.3194476	0.1434811401893671	0.09091	1	0.30791500000000005	0.1813025	1	Muscle_Skeletal	Muscle_Skeletal,Brain_Cortex,Adipose_Subcutaneous	4.743,1.114,1.053	1	4.743148814553631	TRUE	Muscle_Skeletal
chr3	27456650	27456683	chr3	27456650	27456754	SLC4A7	perfect	50	0.1520306	0.061039219824433444	0.05405	0.42935	0.13152	0.06148250000000001	1	Muscle_Skeletal	Muscle_Skeletal,Heart_AtrialAppendage,Heart_LeftVentricle	4.543,1.834,1.7	0.42935	4.5432985676693	TRUE	Muscle_Skeletal
chr3	37273535	37273601	chr3	37273535	37273601	GOLGA4	perfect	50	0.050689	0.02828233026294051	0.01449	0.16084	0.04599	0.016765000000000002	3	Cells_Culturedfibroblasts,Cells_EBV_transformedlymphocytes,Muscle_Skeletal	Muscle_Skeletal,Cells_Culturedfibroblasts,Cells_EBV_transformedlymphocytes	3.895,3.542,3.238	0.16084	3.8946932227976756	TRUE	Muscle_Skeletal
chr3	47280951	47280988	chr3	47280951	47281195	KIF9	perfect	50	0.028588399999999996	0.03406829966825046	0	0.19868	0.02216	0.02427	1	Muscle_Skeletal	Muscle_Skeletal,Cells_Culturedfibroblasts,Esophagus_Mucosa	4.993,2.491,1.636	0.19868	4.9926647838698806	TRUE	Muscle_Skeletal
chr3	47987382	47987433	chr3	47987382	47987433	MAP4	perfect	50	0.0131558	0.021767745384923473	9e-4	0.12798	0.0059900000000000005	0.009995	1	Muscle_Skeletal	Muscle_Skeletal,Heart_LeftVentricle,Heart_AtrialAppendage	5.275,2.794,2.413	0.12798	5.2749698220711565	TRUE	Muscle_Skeletal
chr3	52834743	52834767	chr3	52834743	52834915	MUSTN1	perfect	50	0.0224284	0.01859725471950204	0	0.12464	0.02128	0.0194475	1	Muscle_Skeletal	Muscle_Skeletal,Liver,Bladder	5.496,1.709,0.893	0.12464	5.496058506571707	TRUE	Muscle_Skeletal
chr3	98501431	98501520	chr3	98500839	98501520	CLDND1	perfect	50	0.0384676	0.03325534160315989	7.9e-4	0.18121	0.03545	0.043	1	Muscle_Skeletal	Muscle_Skeletal,Artery_Tibial,Artery_Coronary	4.292,2.115,1.351	0.18121	4.292314952086878	TRUE	Muscle_Skeletal
chr3	129092516	129092593	chr3	129092499	129092593	RAB43	perfect	50	0.2466548	0.22742402875255027	0	1	0.192435	0.359975	1	Muscle_Skeletal	Muscle_Skeletal,Cells_EBV_transformedlymphocytes,Cells_Culturedfibroblasts	3.313,2.066,1.74	1	3.312513651843186	TRUE	Muscle_Skeletal
chr3	136023069	136023201	chr3	136022734	136023201	PPP2R3A	perfect	50	0.032928	0.07667617835110598	0	0.35304	0.01753	0.0249375	3	Heart_AtrialAppendage,Heart_LeftVentricle,Muscle_Skeletal	Heart_AtrialAppendage,Muscle_Skeletal,Heart_LeftVentricle	4.175,4.158,3.044	0.35175	4.158031957984266	TRUE	Muscle_Skeletal
chr3	160485358	160485376	chr3	160485358	160485773	TRIM59	perfect	50	0.09900199999999999	0.15786187751141365	0	0.62791	0	0.2013875	1	Muscle_Skeletal	Muscle_Skeletal,Brain_CerebellarHemisphere,Brain_Cerebellum	3.35,2.57,2.364	0.62791	3.350447925350179	TRUE	Muscle_Skeletal
chr3	180613848	180613858	chr3	180613813	180613864	CCDC39	perfect	50	0.0269832	0.06395159184692047	0	0.23154	0	0	2	Muscle_Skeletal,Testis	Testis,Muscle_Skeletal,Adipose_Subcutaneous	3.199,3.152,2.954	0.22857	3.1521779861638777	TRUE	Muscle_Skeletal
chr3	180971074	180971155	chr3	180971074	180971816	FXR1	perfect	50	0.0901062	0.12155906681972198	0	0.50565	0.042475	0.061735	2	Heart_LeftVentricle,Muscle_Skeletal	Heart_LeftVentricle,Muscle_Skeletal,Heart_AtrialAppendage	3.418,3.283,2.722	0.48914	3.282632965517797	TRUE	Muscle_Skeletal
chr3	189880063	189880175	chr3	189880063	189881496	TP63	perfect	50	0.020349199999999998	0.09196628545598345	0	0.62551	0	0	1	Muscle_Skeletal	Muscle_Skeletal,Heart_AtrialAppendage,Bladder	6.58,1.953,0.058	0.62551	6.580246195652207	TRUE	Muscle_Skeletal
chr3	196728701	196728755	chr3	196728701	196728755	PIGX	perfect	50	0.0056754000000000015	0.024099019474506708	0	0.16038	0	0	1	Muscle_Skeletal	Muscle_Skeletal,Heart_LeftVentricle,Heart_AtrialAppendage	6.42,2.109,0.708	0.16038	6.419539191777291	TRUE	Muscle_Skeletal
chr4	8127546	8127571	chr4	8127546	8127670	ABLIM2	perfect	50	0.0093638	0.029753221323797152	0	0.19077	0	0.0047799999999999995	1	Muscle_Skeletal	Muscle_Skeletal,Brain_CerebellarHemisphere,Brain_Cerebellum	6.097,2.201,1.676	0.19077	6.097027210122896	TRUE	Muscle_Skeletal
chr4	17883722	17884752	chr4	17880594	17884752	LCORL	perfect	50	0.1946018	0.0748189097207111	0	0.43192	0.19261499999999998	0.085565	1	Muscle_Skeletal	Muscle_Skeletal,Brain_Hypothalamus,Pituitary	3.172,1.952,1.745	0.43192	3.1719013399938176	TRUE	Muscle_Skeletal
chr4	46368974	46369006	chr4	46363714	46369006	GABRA2	perfect	50	0.3428408	0.1991283493571779	0	1	0.35771	0.21601	1	Muscle_Skeletal	Muscle_Skeletal,Skin_SunExposed_Lowerleg,MinorSalivaryGland	3.3,2.045,1.626	1	3.300179015802762	TRUE	Muscle_Skeletal
chr4	64277037	64277051	chr4	64275256	64277051	TECRL	perfect	50	0.008279799999999997	0.03457333321140641	0	0.19365	0	0	2	Heart_LeftVentricle,Muscle_Skeletal	Muscle_Skeletal,Heart_LeftVentricle,Heart_AtrialAppendage	5.362,3.253,2.642	0.19365	5.361652544940121	TRUE	Muscle_Skeletal
chr4	75760593	75760605	chr4	75760593	75760605	USO1	perfect	50	0.12444060000000001	0.17547694896481417	0.00678	0.8637	0.056635000000000005	0.10600249999999999	1	Muscle_Skeletal	Muscle_Skeletal,Esophagus_Mucosa,Skin_NotSunExposed_Suprapubic	4.213,2.351,2.038	0.8637	4.212857610991589	TRUE	Muscle_Skeletal
chr4	75795335	75795356	chr4	75795335	75795356	USO1	perfect	50	0.12444060000000001	0.17547694896481417	0.00678	0.8637	0.056635000000000005	0.10600249999999999	1	Muscle_Skeletal	Muscle_Skeletal,Esophagus_Mucosa,Skin_NotSunExposed_Suprapubic	4.213,2.351,2.038	0.8637	4.212857610991589	TRUE	Muscle_Skeletal
chr4	76214274	76214424	chr4	76214039	76214424	FAM47E	perfect	50	0.007358200000000001	0.021549608708034306	0	0.14118	0	0	1	Muscle_Skeletal	Muscle_Skeletal,Brain_Putamen_basalganglia,Brain_Substantianigra	6.21,1.282,1.075	0.14118	6.20994106264711	TRUE	Muscle_Skeletal
chr4	77039072	77039085	chr4	77039072	77039326	SEPTIN11	perfect	50	0.0189174	0.042607265396063757	0	0.22672	0	0.0240325	2	Cells_EBV_transformedlymphocytes,Muscle_Skeletal	Muscle_Skeletal,Cells_EBV_transformedlymphocytes,Cells_Culturedfibroblasts	4.877,3.985,0.891	0.22672	4.8771635088131635	TRUE	Muscle_Skeletal
chr4	85827962	85827975	chr4	85827744	85827975	ARHGAP24	perfect	50	0.0158472	0.032603103648429	0	0.15534	0	0.014902499999999999	1	Muscle_Skeletal	Muscle_Skeletal,Pancreas,Thyroid	4.279,2.528,1.931	0.15534	4.2785129141139775	TRUE	Muscle_Skeletal
chr4	94579520	94579537	chr4	94579520	94579537	PDLIM5	perfect	50	0.012807399999999997	0.07579395581443159	0	0.53141	0	0	1	Muscle_Skeletal	Muscle_Skeletal,Heart_AtrialAppendage,Heart_LeftVentricle	6.842,0.93,0.046	0.53141	6.842268548031837	TRUE	Muscle_Skeletal
chr4	94582716	94582731	chr4	94582546	94582999	PDLIM5	perfect	50	0.012807399999999997	0.07579395581443159	0	0.53141	0	0	1	Muscle_Skeletal	Muscle_Skeletal,Heart_AtrialAppendage,Heart_LeftVentricle	6.842,0.93,0.046	0.53141	6.842268548031837	TRUE	Muscle_Skeletal
chr4	94584985	94585003	chr4	94584400	94585003	PDLIM5	perfect	50	0.0936338	0.1897070964310131	0	0.87108	0.047125	0.031999999999999994	3	Heart_AtrialAppendage,Heart_LeftVentricle,Muscle_Skeletal	Heart_LeftVentricle,Muscle_Skeletal,Heart_AtrialAppendage	4.098,3.966,3.596	0.84592	3.965514280450592	TRUE	Muscle_Skeletal
chr4	94586988	94587079	chr4	94586988	94588216	PDLIM5	perfect	50	0.1078988	0.1724572503862204	0	0.84628	0.063635	0.03919749999999999	3	Heart_AtrialAppendage,Heart_LeftVentricle,Muscle_Skeletal	Muscle_Skeletal,Heart_LeftVentricle,Heart_AtrialAppendage	4.282,3.954,3.151	0.84628	4.281531790321283	TRUE	Muscle_Skeletal
chr4	102798931	102798977	chr4	102798927	102798977	UBE2D3	perfect	50	0.0876928	0.033377766890734996	0.04065	0.23299	0.089295	0.03458749999999999	1	Muscle_Skeletal	Muscle_Skeletal,Heart_AtrialAppendage,Heart_LeftVentricle	4.353,1.608,1.595	0.23299	4.353113270748248	TRUE	Muscle_Skeletal
chr4	113304223	113304277	chr4	113304223	113304277	ANK2	perfect	50	0.004290999999999999	0.018957887083033826	0	0.11915	0	0	1	Muscle_Skeletal	Muscle_Skeletal,Heart_AtrialAppendage,Heart_LeftVentricle	6.059,2.261,2.194	0.11915	6.058639314440898	TRUE	Muscle_Skeletal
chr4	113323758	113323794	chr4	113323758	113323794	ANK2	perfect	50	0.007207600000000001	0.020244196100490178	0	0.11915	0	9.824999999999999e-4	1	Muscle_Skeletal	Muscle_Skeletal,Heart_AtrialAppendage,Heart_LeftVentricle	5.53,2.376,1.911	0.11915	5.529604605899343	TRUE	Muscle_Skeletal
chr4	113378089	113378181	chr4	113378089	113378181	ANK2	perfect	50	0.017528200000000004	0.0646529317071278	0	0.34693	0	0	2	Heart_LeftVentricle,Muscle_Skeletal	Muscle_Skeletal,Heart_LeftVentricle,Heart_AtrialAppendage	5.095,3.025,2.898	0.34693	5.094924411040814	TRUE	Muscle_Skeletal
chr4	143434087	143434168	chr4	143434087	143434168	GAB1	perfect	50	0.007908199999999999	0.01928678194822473	0	0.10638	0	0	1	Muscle_Skeletal	Muscle_Skeletal,Heart_LeftVentricle,MinorSalivaryGland	5.106,2.286,1.852	0.10638	5.1056625342862825	TRUE	Muscle_Skeletal
chr4	152382188	152382335	chr4	152382188	152382529	FBXW7	perfect	50	0.10017799999999998	0.14216132152866162	0	0.58979	0.049995	0.12249499999999999	2	Heart_LeftVentricle,Muscle_Skeletal	Muscle_Skeletal,Heart_LeftVentricle,Liver	3.444,3.319,2.112	0.58979	3.444059148685444	TRUE	Muscle_Skeletal
chr5	16508577	16508612	chr5	16508560	16508998	RETREG1	perfect	50	0.12413759999999999	0.1925013571917171	0	0.74016	0.028705	0.198035	1	Muscle_Skeletal	Muscle_Skeletal,Liver,Stomach	3.2,2.571,2.245	0.74016	3.200093801865965	TRUE	Muscle_Skeletal
chr5	36208624	36208690	chr5	36208624	36208690	NADK2	perfect	50	0.0824834	0.06393868815753198	0	0.33353	0.06086	0.0492325	1	Muscle_Skeletal	Muscle_Skeletal,Heart_LeftVentricle,Heart_AtrialAppendage	3.926,2.663,2.235	0.33353	3.9263645725960474	TRUE	Muscle_Skeletal
chr5	55490959	55491114	chr5	55490959	55491114	PLPP1	perfect	50	0.1301474	0.08546281188652186	0	0.55667	0.10211	0.0599025	1	Muscle_Skeletal	Muscle_Skeletal,Heart_LeftVentricle,Testis	4.991,2.594,1.831	0.55667	4.990739136530399	TRUE	Muscle_Skeletal
chr5	88760987	88761022	chr5	88760987	88761125	MEF2C	perfect	50	0.082134	0.0937916189850497	0	0.68247	0.066325	0.04260499999999999	1	Muscle_Skeletal	Muscle_Skeletal,Cells_Culturedfibroblasts,Brain_Cerebellum	6.401,0.79,0.698	0.68247	6.400742481006677	TRUE	Muscle_Skeletal
chr5	88761022	88761125	chr5	88760987	88761125	MEF2C	perfect	50	0.0822758	0.09382502842819192	0	0.68247	0.066325	0.04260499999999999	1	Muscle_Skeletal	Muscle_Skeletal,Cells_Culturedfibroblasts,Brain_Cerebellum	6.397,0.788,0.696	0.68247	6.396951965320777	TRUE	Muscle_Skeletal
chr5	118988129	118988149	chr5	118988129	118988220	DTWD2	perfect	50	0.005496199999999997	0.03137219963208033	0	0.21951	0	0	1	Muscle_Skeletal	Muscle_Skeletal,Heart_AtrialAppendage,Cells_EBV_transformedlymphocytes	6.822,0.815,0.597	0.21951	6.821765847146896	TRUE	Muscle_Skeletal
chr5	138168469	138168688	chr5	138168469	138168688	BRD8	perfect	50	0.3595942	0.08814131235251997	0.08492	0.6348	0.36224	0.08753250000000001	1	Muscle_Skeletal	Muscle_Skeletal,Skin_SunExposed_Lowerleg,Cells_EBV_transformedlymphocytes	3.122,1.556,1.453	0.6348	3.1223247380220327	TRUE	Muscle_Skeletal
chr5	138541518	138541562	chr5	138541518	138541711	ETF1	perfect	50	0.008200999999999993	0.041917299348763835	0	0.25693	0	0	2	Muscle_Skeletal,Testis	Testis,Muscle_Skeletal,Adipose_Subcutaneous	5.934,3.457,-0.196	0.15312	3.457259944020553	TRUE	Muscle_Skeletal
chr5	139419137	139419172	chr5	139419067	139419172	DNAJC18	perfect	50	0.0475798	0.03659723037864689	0	0.16421	0.04532	0.0492725	1	Muscle_Skeletal	Muscle_Skeletal,Artery_Aorta,Artery_Coronary	3.187,1.915,1.668	0.16421	3.1868586445833706	TRUE	Muscle_Skeletal
chr5	140472238	140472295	chr5	140472238	140472477	ANKHD1	perfect	50	0.15812299999999999	0.07052106743407119	0.07533	0.44382	0.152095	0.07063750000000002	1	Muscle_Skeletal	Muscle_Skeletal,Cells_EBV_transformedlymphocytes,Cells_Culturedfibroblasts	4.051,2.91,1.792	0.44382	4.051229092172955	TRUE	Muscle_Skeletal
chr5	140472295	140472312	chr5	140472238	140472477	ANKHD1	perfect	50	0.0897362	0.058181167262618724	0.02579	0.37741	0.07604	0.05936749999999999	1	Muscle_Skeletal	Muscle_Skeletal,Cells_EBV_transformedlymphocytes,Testis	4.944,1.996,1.773	0.37741	4.944448754379492	TRUE	Muscle_Skeletal
chr5	140472312	140472337	chr5	140472238	140472477	ANKHD1	perfect	50	0.0892892	0.05675990054211705	0.02579	0.36675	0.075095	0.05936749999999999	1	Muscle_Skeletal	Muscle_Skeletal,Cells_EBV_transformedlymphocytes,Testis	4.888,2.007,1.7	0.36675	4.888324280873576	TRUE	Muscle_Skeletal
chr5	141518943	141518996	chr5	141518943	141519067	DIAPH1,ENSG00000301000	perfect	50	0.0106336	0.04366145134686071	0	0.30993	0.00209	0.00629	1	Muscle_Skeletal	Muscle_Skeletal,Brain_FrontalCortex_BA9,Brain_Cortex	6.855,0.325,0.317	0.30993	6.854934748327361	TRUE	Muscle_Skeletal
chr5	177441244	177441247	chr5	177441244	177441353	GRK6	perfect	50	0.0487234	0.048069135229099655	0	0.2809	0.046425	0.0629525	1	Muscle_Skeletal	Muscle_Skeletal,Heart_LeftVentricle,Heart_AtrialAppendage	4.83,1.622,1.337	0.2809	4.830055687364374	TRUE	Muscle_Skeletal
chr6	5186797	5186980	chr6	5186599	5186980	LYRM4	perfect	50	0.1730072	0.0786015100348276	0.04817	0.47658	0.17612	0.09774749999999999	1	Muscle_Skeletal	Muscle_Skeletal,Cells_EBV_transformedlymphocytes,Pancreas	3.862,1.42,1.325	0.47658	3.8621751651525487	TRUE	Muscle_Skeletal
chr6	17821785	17821905	chr6	17821785	17821905	KIF13A	perfect	50	0.003632000000000002	0.02522523703899469	0	0.17842	0	0	1	Muscle_Skeletal	Muscle_Skeletal,Heart_LeftVentricle,Heart_AtrialAppendage	6.929,-0.071,-0.091	0.17842	6.929092469172923	TRUE	Muscle_Skeletal
chr6	35480059	35480122	chr6	35480059	35480122	TEAD3	perfect	50	0.0271518	0.047383389007506986	0	0.24592	0.0062900000000000005	0.0387	1	Muscle_Skeletal	Muscle_Skeletal,Heart_LeftVentricle,Heart_AtrialAppendage	4.617,2.934,2.542	0.24592	4.616980857264988	TRUE	Muscle_Skeletal
chr6	57008180	57008200	chr6	57008180	57010944	BEND6	perfect	50	0.2200044	0.11708734535153399	0	0.61538	0.22501	0.12700999999999998	1	Muscle_Skeletal	Muscle_Skeletal,Heart_LeftVentricle,Heart_AtrialAppendage	3.377,2.167,2.05	0.61538	3.376757742802648	TRUE	Muscle_Skeletal
chr6	73129792	73129849	chr6	73129792	73129849	KCNQ5	perfect	50	0.006142399999999999	0.019000106719356574	0	0.1004	0	0	2	Artery_Aorta,Muscle_Skeletal	Muscle_Skeletal,Artery_Aorta,Cells_EBV_transformedlymphocytes	4.961,3.139,2.646	0.1004	4.96089845137417	TRUE	Muscle_Skeletal
chr6	73132143	73132164	chr6	73130645	73132383	KCNQ5,KCNQ5-AS1	perfect	50	0.017565399999999995	0.055399523913448365	0	0.26316	0	0	3	Cells_Culturedfibroblasts,Cells_EBV_transformedlymphocytes,Muscle_Skeletal	Cells_Culturedfibroblasts,Cells_EBV_transformedlymphocytes,Muscle_Skeletal	4.433,3.317,3.15	0.1921	3.150471117273109	TRUE	Muscle_Skeletal
chr6	99544224	99544273	chr6	99543779	99544273	CCNC	perfect	50	0.0760516	0.05300756358660295	0.0131	0.33294	0.066755	0.033769999999999994	1	Muscle_Skeletal	Muscle_Skeletal,Heart_LeftVentricle,Heart_AtrialAppendage	4.846,2.521,1.976	0.33294	4.846259337694321	TRUE	Muscle_Skeletal
chr6	119006044	119006176	chr6	119005286	119006176	FAM184A	perfect	50	0.0581468	0.034892314950605456	0	0.2	0.057415	0.025504999999999986	1	Muscle_Skeletal	Muscle_Skeletal,Skin_SunExposed_Lowerleg,Skin_NotSunExposed_Suprapubic	4.065,2.54,2.219	0.2	4.065456826261353	TRUE	Muscle_Skeletal
chr6	127286049	127286167	chr6	127286049	127286351	RNF146	perfect	50	0.1759386	0.06443912244965501	0.08843	0.4079	0.170825	0.08203749999999999	1	Muscle_Skeletal	Muscle_Skeletal,Heart_LeftVentricle,Pancreas	3.6,2.959,1.19	0.4079	3.5996983072081212	TRUE	Muscle_Skeletal
chr6	131615323	131615341	chr6	131615323	131615341	MED23	perfect	50	0.0491252	0.03540681470437865	0.00636	0.18002	0.0448	0.023795	2	Muscle_Skeletal,Testis	Testis,Muscle_Skeletal,Skin_SunExposed_Lowerleg	3.697,3.447,2.137	0.17116	3.4466472349716435	TRUE	Muscle_Skeletal
chr6	157888570	157888660	chr6	157888570	157888660	SNX9	perfect	50	0.016482	0.06332539388116021	0	0.4519	0.00587	0.0056124999999999986	1	Muscle_Skeletal	Muscle_Skeletal,Heart_LeftVentricle,Heart_AtrialAppendage	6.876,0.438,0.138	0.4519	6.875883011752419	TRUE	Muscle_Skeletal
chr6	170295405	170295453	chr6	170295320	170295453	FAM120B	perfect	50	0.1670928	0.1277108938194517	0	0.55124	0.166775	0.17823000000000003	1	Muscle_Skeletal	Muscle_Skeletal,Cells_EBV_transformedlymphocytes,Cells_Culturedfibroblasts	3.008,2.405,2.237	0.55124	3.0079438684618327	TRUE	Muscle_Skeletal
chr7	920783	920803	chr7	920783	920889	ADAP1	perfect	50	0.05418280000000001	0.15323726449116312	0	1	0	0.04122	1	Muscle_Skeletal	Muscle_Skeletal,Cells_Culturedfibroblasts,Liver	6.172,1.533,1.515	1	6.172240173698372	TRUE	Muscle_Skeletal
chr7	30686388	30686449	chr7	30685872	30686771	CRHR2,ENSG00000305335	perfect	50	0.007307799999999997	0.037445781282776695	0	0.23077	0	0	2	Muscle_Skeletal,Testis	Muscle_Skeletal,Testis,Adipose_Subcutaneous	5.968,3.4,-0.195	0.23077	5.967620178959442	TRUE	Muscle_Skeletal
chr7	40085698	40085746	chr7	40085698	40085746	CDK13	perfect	50	0.0461832	0.04658501744955678	0	0.23107	0.032424999999999995	0.034335000000000004	3	Cells_Culturedfibroblasts,Cells_EBV_transformedlymphocytes,Muscle_Skeletal	Cells_EBV_transformedlymphocytes,Muscle_Skeletal,Cells_Culturedfibroblasts	3.969,3.173,3.159	0.19401	3.173269177371671	TRUE	Muscle_Skeletal
chr7	51073344	51073385	chr7	51070827	51073385	COBL	perfect	50	0.05702879999999999	0.20917139969793147	0	0.95472	0.00472	0.004634999999999999	3	Heart_AtrialAppendage,Heart_LeftVentricle,Muscle_Skeletal	Muscle_Skeletal,Heart_LeftVentricle,Heart_AtrialAppendage	4.292,3.944,3.477	0.95472	4.2916536452706895	TRUE	Muscle_Skeletal
chr7	51187913	51187958	chr7	51187913	51187958	COBL	perfect	50	0.025043399999999997	0.10009188836651803	0	0.50573	0	0	3	Heart_AtrialAppendage,Heart_LeftVentricle,Muscle_Skeletal	Muscle_Skeletal,Heart_LeftVentricle,Heart_AtrialAppendage	4.802,3.562,3.223	0.50573	4.802453104289674	TRUE	Muscle_Skeletal
chr7	108026892	108026915	chr7	108026560	108026915	LAMB4	perfect	50	0.07091900000000002	0.20867723898501286	0	1	0	0.027102499999999998	2	MinorSalivaryGland,Muscle_Skeletal	MinorSalivaryGland,Muscle_Skeletal,Testis	4.452,4.452,2.105	1	4.452239278797082	TRUE	Muscle_Skeletal
chr7	123970197	123970245	chr7	123970197	123970296	SPAM1	perfect	50	0.0201394	0.14140467397537332	0	1	0	0	1	Muscle_Skeletal	Muscle_Skeletal,Testis,Adipose_Subcutaneous	6.929,-0.093,-0.142	1	6.929478159757648	TRUE	Muscle_Skeletal
chr7	135384677	135384731	chr7	135384289	135384731	CNOT4	perfect	50	0.047783400000000004	0.016098691493283496	0.02178	0.12526	0.04513	0.0152575	1	Muscle_Skeletal	Muscle_Skeletal,Ovary,Cells_Culturedfibroblasts	4.813,2.07,1.287	0.12526	4.812602318165043	TRUE	Muscle_Skeletal
chr7	135388796	135388894	chr7	135386150	135388894	CNOT4	perfect	50	0.1196158	0.03444773160328913	0.06128	0.238	0.114665	0.038317500000000004	2	Muscle_Skeletal,Ovary	Muscle_Skeletal,Ovary,Breast_MammaryTissue	3.437,3.366,1.382	0.238	3.436632674782466	TRUE	Muscle_Skeletal
chr8	22531301	22531328	chr8	22531301	22531328	PPP3CC	perfect	50	0.0169318	0.09043885989068264	0	0.62302	0	0	1	Muscle_Skeletal	Muscle_Skeletal,Heart_LeftVentricle,Heart_AtrialAppendage	6.702,1.396,0.702	0.62302	6.701634681514174	TRUE	Muscle_Skeletal
chr8	42396677	42396680	chr8	42396655	42397599	VDAC3	perfect	50	0.089334	0.07543984899458993	0.02732	0.3724	0.05555	0.046099999999999995	1	Muscle_Skeletal	Muscle_Skeletal,Brain_CerebellarHemisphere,Heart_AtrialAppendage	3.752,2.341,2.023	0.3724	3.7522079348316266	TRUE	Muscle_Skeletal
chr8	61665253	61665606	chr8	61662817	61665606	ASPH	perfect	50	0.0384904	0.12031822638252582	0.00463	0.74658	0.00952	0.0077625	1	Muscle_Skeletal	Muscle_Skeletal,Heart_LeftVentricle,Heart_AtrialAppendage	5.885,2.958,1.767	0.74658	5.885139943376343	TRUE	Muscle_Skeletal
chr8	61668233	61668275	chr8	61668233	61668275	ASPH	perfect	50	0.0384904	0.12031822638252582	0.00463	0.74658	0.00952	0.0077625	1	Muscle_Skeletal	Muscle_Skeletal,Heart_LeftVentricle,Heart_AtrialAppendage	5.885,2.958,1.767	0.74658	5.885139943376343	TRUE	Muscle_Skeletal
chr8	61689672	61689688	chr8	61689672	61689849	ASPH	perfect	50	0.0963092	0.13454811766313896	0.01794	0.81611	0.044289999999999996	0.07722000000000001	1	Muscle_Skeletal	Muscle_Skeletal,Heart_LeftVentricle,Heart_AtrialAppendage	5.35,2.93,2.035	0.81611	5.349764920547811	TRUE	Muscle_Skeletal
chr8	65788881	65788941	chr8	65788881	65789084	PDE7A	perfect	50	0.4447952	0.045943716864735036	0.27255	0.59753	0.44943	0.0400875	1	Muscle_Skeletal	Muscle_Skeletal,Brain_FrontalCortex_BA9,Heart_LeftVentricle	3.324,1.406,0.881	0.59753	3.3243892837332556	TRUE	Muscle_Skeletal
chr8	99507769	99507911	chr8	99507769	99507911	VPS13B	perfect	50	0.044421	0.03675805374752753	0	0.20349	0.04052	0.0360725	1	Muscle_Skeletal	Muscle_Skeletal,Brain_Cerebellum,Brain_Cortex	4.327,2.624,1.532	0.20349	4.3274598022127195	TRUE	Muscle_Skeletal
chr8	139638022	139638053	chr8	139638022	139638053	KCNK9	perfect	50	0.0208334	0.1414238715757329	0	1	0	0	1	Muscle_Skeletal	Muscle_Skeletal,Pituitary,Adipose_Subcutaneous	6.924,0.147,-0.147	1	6.923630283135427	TRUE	Muscle_Skeletal
chr8	143944647	143944663	chr8	143944647	143944737	PLEC	perfect	50	0.0894744	0.07031838709696323	0.0011	0.33732	0.079365	0.051684999999999995	3	Brain_CerebellarHemisphere,Brain_Cerebellum,Muscle_Skeletal	Brain_CerebellarHemisphere,Brain_Cerebellum,Muscle_Skeletal	3.525,3.283,3.056	0.30435	3.0557526824912005	TRUE	Muscle_Skeletal
chr9	41171922	41171934	chr9	41171846	41171934	ZNG1F	perfect	50	0.024610800000000002	0.06989604966327218	0	0.3641	0	0.00315	2	AdrenalGland,Muscle_Skeletal	Muscle_Skeletal,AdrenalGland,Cells_Culturedfibroblasts	4.857,3.998,1.351	0.3641	4.85705846947727	TRUE	Muscle_Skeletal
chr9	76625022	76625058	chr9	76625022	76625058	PRUNE2	perfect	50	0.0389704	0.025946180322084456	0	0.12611	0.036989999999999995	0.021487499999999996	2	Muscle_Skeletal,Testis	Testis,Muscle_Skeletal,Cells_Culturedfibroblasts	3.358,3.061,2.542	0.1184	3.061321512993278	TRUE	Muscle_Skeletal
chr9	83267011	83267177	chr9	83267011	83267287	FRMD3	perfect	50	0.1312288	0.21827335896821057	0	0.83825	0.039615	0.12171750000000002	3	Heart_AtrialAppendage,Heart_LeftVentricle,Muscle_Skeletal	Muscle_Skeletal,Heart_AtrialAppendage,Heart_LeftVentricle	3.239,3.079,3.041	0.83825	3.2391548072661074	TRUE	Muscle_Skeletal
chr9	89362404	89362428	chr9	89360786	89365654	SECISBP2,SEMA4D	perfect	50	0.1969452	0.18652521791797197	0	0.83607	0.109885	0.25370499999999996	1	Muscle_Skeletal	Muscle_Skeletal,Heart_LeftVentricle,Brain_Spinalcord_cervicalc_1	3.426,2.219,1.94	0.83607	3.42647931005805	TRUE	Muscle_Skeletal
chr9	89363429	89363527	chr9	89360786	89365654	SECISBP2,SEMA4D	perfect	50	0.1969452	0.18652521791797197	0	0.83607	0.109885	0.25370499999999996	1	Muscle_Skeletal	Muscle_Skeletal,Heart_LeftVentricle,Brain_Spinalcord_cervicalc_1	3.426,2.219,1.94	0.83607	3.42647931005805	TRUE	Muscle_Skeletal
chr9	89363740	89363950	chr9	89360786	89365654	SECISBP2,SEMA4D	perfect	50	0.1969452	0.18652521791797197	0	0.83607	0.109885	0.25370499999999996	1	Muscle_Skeletal	Muscle_Skeletal,Heart_LeftVentricle,Brain_Spinalcord_cervicalc_1	3.426,2.219,1.94	0.83607	3.42647931005805	TRUE	Muscle_Skeletal
chr9	100445168	100445227	chr9	100444127	100445237	MSANTD3	perfect	50	0.0034091999999999994	0.017555447766596965	0	0.12206	0	0	1	Muscle_Skeletal	Muscle_Skeletal,Brain_Anteriorcingulatecortex_BA24,Testis	6.759,0.768,0.763	0.12206	6.758631370585648	TRUE	Muscle_Skeletal
chr9	105513598	105513631	chr9	105513598	105513631	FSD1L	perfect	50	0.0408482	0.07618866969944699	0	0.35074	0.01473	0.044645	3	Cells_EBV_transformedlymphocytes,Muscle_Skeletal,Testis	Testis,Muscle_Skeletal,Cells_EBV_transformedlymphocytes	4.067,3.502,3.174	0.30769	3.5023816671514463	TRUE	Muscle_Skeletal
chr9	128169622	128169700	chr9	128169603	128169771	CIZ1	perfect	50	0.0211226	0.028948114796043253	0.00309	0.18465	0.014335	0.010867499999999999	1	Muscle_Skeletal	Muscle_Skeletal,Heart_LeftVentricle,WholeBlood	5.649,2.756,1.514	0.18465	5.648982711038289	TRUE	Muscle_Skeletal
chr9	128532664	128532691	chr9	128532664	128532691	GLE1	perfect	50	0.0193182	0.034005253477085225	0	0.19348	0.01299	0.018980000000000004	2	Heart_LeftVentricle,Muscle_Skeletal	Muscle_Skeletal,Heart_LeftVentricle,Heart_AtrialAppendage	5.122,3.545,1.639	0.19348	5.121614521043363	TRUE	Muscle_Skeletal
chr9	135744099	135744101	chr9	135743997	135744101	KCNT1	perfect	50	0.1235912	0.13068675397237753	0	0.52377	0.084515	0.2277475	1	Muscle_Skeletal	Muscle_Skeletal,Pituitary,Ovary	3.062,1.943,1.928	0.52377	3.0621221190066694	TRUE	Muscle_Skeletal
chrX	373531	373771	chrX	373531	374044	PPP2R3B	perfect	50	0.041847999999999996	0.046274815074769146	0	0.21471	0.025494999999999997	0.042155	1	Muscle_Skeletal	Muscle_Skeletal,Heart_LeftVentricle,Heart_AtrialAppendage	3.736,2.813,2.659	0.21471	3.735552475373396	TRUE	Muscle_Skeletal
chrX	2733356	2733361	chrX	2733356	2733672	CD99	perfect	50	0.1031098	0.030730055917519535	0.042	0.23704	0.10066	0.032377500000000003	1	Muscle_Skeletal	Muscle_Skeletal,Artery_Aorta,Artery_Tibial	4.358,2.185,1.487	0.23704	4.358280387106128	TRUE	Muscle_Skeletal
chrX	15314368	15314486	chrX	15314368	15314559	ASB11	perfect	50	0.006486399999999998	0.03437437612109178	0	0.23681	0	0	1	Muscle_Skeletal	Muscle_Skeletal,Heart_LeftVentricle,Heart_AtrialAppendage	6.7,1.284,0.885	0.23681	6.700444516829374	TRUE	Muscle_Skeletal
chrX	30687532	30687616	chrX	30687532	30687616	GK	perfect	50	0.0120082	0.03611778744833722	0	0.21818	0	0	1	Muscle_Skeletal	Muscle_Skeletal,Nerve_Tibial,Liver	5.708,2.39,1.607	0.21818	5.708317551148657	TRUE	Muscle_Skeletal
chrX	71171432	71171617	chrX	71171432	71175255	NLGN3	perfect	50	0.138749	0.06363696013244159	0.02632	0.375	0.144345	0.09011	1	Muscle_Skeletal	Muscle_Skeletal,Artery_Tibial,Thyroid	3.712,1.966,1.236	0.375	3.7124809153094853	TRUE	Muscle_Skeletal
chrX	120561371	120561399	chrX	120561132	120561545	CUL4B	perfect	50	0.1394656	0.1138481515567906	0	0.57164	0.13479999999999998	0.168985	1	Muscle_Skeletal	Muscle_Skeletal,Cells_EBV_transformedlymphocytes,Artery_Tibial	3.796,1.956,1.479	0.57164	3.7960598752841372	TRUE	Muscle_Skeletal
chrX	138857511	138857679	chrX	138857511	138857679	FGF13	perfect	50	0.039950799999999995	0.07757978886387396	0	0.4721	0.00139	0.05442	1	Muscle_Skeletal	Muscle_Skeletal,MinorSalivaryGland,Prostate	5.57,1.825,1.479	0.4721	5.5703838116687105	TRUE	Muscle_Skeletal
chrX	139204058	139204107	chrX	139204058	139204275	FGF13	perfect	50	0.0569942	0.09401731317091312	0	0.47575	0.01048	0.08160750000000001	1	Muscle_Skeletal	Muscle_Skeletal,MinorSalivaryGland,Stomach	4.454,2.642,1.815	0.47575	4.454028581297022	TRUE	Muscle_Skeletal
chrX	150712943	150712970	chrX	150712943	150712970	MTMR1	perfect	50	0.017607200000000003	0.057808659758036354	0	0.36964	0	0	1	Muscle_Skeletal	Muscle_Skeletal,Heart_AtrialAppendage,Heart_LeftVentricle	6.09,1.888,1.738	0.36964	6.089620507956193	TRUE	Muscle_Skeletal
chrX	156020960	156021148	chrX	156020825	156021148	WASH6P	perfect	50	0.05334	0.02043191191469354	0.02392	0.15744	0.04877	0.016635000000000004	1	Muscle_Skeletal	Muscle_Skeletal,Heart_LeftVentricle,Brain_CerebellarHemisphere	5.095,1.847,1.474	0.15744	5.09497106460883	TRUE	Muscle_Skeletal
chrX	156021680	156021792	chrX	156021327	156023213	ENSG00000270726,ENSG00000295135,WASH6P	perfect	50	0.05334	0.02043191191469354	0.02392	0.15744	0.04877	0.016635000000000004	1	Muscle_Skeletal	Muscle_Skeletal,Heart_LeftVentricle,Brain_CerebellarHemisphere	5.095,1.847,1.474	0.15744	5.09497106460883	TRUE	Muscle_Skeletal
chrX	156021998	156022145	chrX	156021327	156023213	ENSG00000270726,ENSG00000295135,WASH6P	perfect	50	0.05334	0.02043191191469354	0.02392	0.15744	0.04877	0.016635000000000004	1	Muscle_Skeletal	Muscle_Skeletal,Heart_LeftVentricle,Brain_CerebellarHemisphere	5.095,1.847,1.474	0.15744	5.09497106460883	TRUE	Muscle_Skeletal
chrX	156022322	156022459	chrX	156021327	156023213	ENSG00000270726,ENSG00000295135,WASH6P	perfect	50	0.05334	0.02043191191469354	0.02392	0.15744	0.04877	0.016635000000000004	1	Muscle_Skeletal	Muscle_Skeletal,Heart_LeftVentricle,Brain_CerebellarHemisphere	5.095,1.847,1.474	0.15744	5.09497106460883	TRUE	Muscle_Skeletal
chrX	156022698	156022834	chrX	156021327	156023213	ENSG00000270726,ENSG00000295135,WASH6P	perfect	50	0.05334	0.02043191191469354	0.02392	0.15744	0.04877	0.016635000000000004	1	Muscle_Skeletal	Muscle_Skeletal,Heart_LeftVentricle,Brain_CerebellarHemisphere	5.095,1.847,1.474	0.15744	5.09497106460883	TRUE	Muscle_Skeletal
chrX	156023011	156023213	chrX	156021327	156023213	ENSG00000270726,ENSG00000295135,WASH6P	perfect	50	0.05334	0.02043191191469354	0.02392	0.15744	0.04877	0.016635000000000004	1	Muscle_Skeletal	Muscle_Skeletal,Heart_LeftVentricle,Brain_CerebellarHemisphere	5.095,1.847,1.474	0.15744	5.09497106460883	TRUE	Muscle_Skeletal
chrX	156023301	156023460	chrX	156023301	156026837	DDX11L16,ENSG00000295135,WASH6P	perfect	50	0.05334	0.02043191191469354	0.02392	0.15744	0.04877	0.016635000000000004	1	Muscle_Skeletal	Muscle_Skeletal,Heart_LeftVentricle,Brain_CerebellarHemisphere	5.095,1.847,1.474	0.15744	5.09497106460883	TRUE	Muscle_Skeletal
chrX	156024119	156024272	chrX	156023301	156026837	DDX11L16,ENSG00000295135,WASH6P	perfect	50	0.05334	0.02043191191469354	0.02392	0.15744	0.04877	0.016635000000000004	1	Muscle_Skeletal	Muscle_Skeletal,Heart_LeftVentricle,Brain_CerebellarHemisphere	5.095,1.847,1.474	0.15744	5.09497106460883	TRUE	Muscle_Skeletal
chrX	156025031	156025100	chrX	156023301	156026837	DDX11L16,ENSG00000295135,WASH6P	perfect	50	0.05334	0.02043191191469354	0.02392	0.15744	0.04877	0.016635000000000004	1	Muscle_Skeletal	Muscle_Skeletal,Heart_LeftVentricle,Brain_CerebellarHemisphere	5.095,1.847,1.474	0.15744	5.09497106460883	TRUE	Muscle_Skeletal
chrX	156025240	156025371	chrX	156023301	156026837	DDX11L16,ENSG00000295135,WASH6P	perfect	50	0.05334	0.02043191191469354	0.02392	0.15744	0.04877	0.016635000000000004	1	Muscle_Skeletal	Muscle_Skeletal,Heart_LeftVentricle,Brain_CerebellarHemisphere	5.095,1.847,1.474	0.15744	5.09497106460883	TRUE	Muscle_Skeletal
